"ID","Name","Parent","Component","Path","Line","Column","EndLine","EndColumn","CA","CCO","CE","CLLOC","CV","Clone Metric Rules"
"C2944","208~CloneInstance","C552","L103","/home/ahmed/Desktop/FIT4003/extract/src/outputs/gson/gson/gson/src/main/java/com/google/gson/DefaultDateTypeAdapter.java","142","32","153","6","1","4","16","12","1","0"
"C3558","241~CloneInstance","C777","L103","/home/ahmed/Desktop/FIT4003/extract/src/outputs/gson/gson/codegen/src/main/java/com/google/gson/codegen/JavaWriter.java","383","5","394","6","1","5","8","12","1","0"
"C3559","242~CloneInstance","C777","L103","/home/ahmed/Desktop/FIT4003/extract/src/outputs/gson/gson/codegen/src/main/java/com/google/gson/codegen/JavaWriter.java","395","5","406","6","1","5","8","12","1","0"
"C4404","413~CloneInstance","C1053","L103","/home/ahmed/Desktop/FIT4003/extract/src/outputs/gson/gson/extras/src/main/java/com/google/gson/typeadapters/RuntimeTypeAdapterFactory.java","161","3","171","4","1","3","76","11","1","0"
"C4432","419~CloneInstance","C1066","L103","/home/ahmed/Desktop/FIT4003/extract/src/outputs/gson/gson/extras/src/main/java/com/google/gson/typeadapters/RuntimeTypeAdapterFactory.java","185","5","197","6","1","3","75","13","1","0"
"C4383","403~CloneInstance","C1043","L103","/home/ahmed/Desktop/FIT4003/extract/src/outputs/gson/gson/extras/src/main/java/com/google/gson/typeadapters/UtcDateTypeAdapter.java","76","3","115","4","1","6","10","40","1","1"
"C1205","4~CloneInstance","C124","L103","/home/ahmed/Desktop/FIT4003/extract/src/outputs/gson/gson/extras/src/main/java/com/google/gson/typeadapters/UtcDateTypeAdapter.java","211","7","222","33","1","1","10","12","1","0"
"C4385","406~CloneInstance","C1044","L103","/home/ahmed/Desktop/FIT4003/extract/src/outputs/gson/gson/extras/src/main/java/com/google/gson/typeadapters/UtcDateTypeAdapter.java","143","7","163","28","1","3","44","21","1","0"
"C4295","380~CloneInstance","C1008","L103","/home/ahmed/Desktop/FIT4003/extract/src/outputs/gson/gson/extras/src/test/java/com/google/gson/typeadapters/RuntimeTypeAdapterFactoryTest.java","96","3","105","4","1","2","30","10","1","0"
"C4296","381~CloneInstance","C1008","L103","/home/ahmed/Desktop/FIT4003/extract/src/outputs/gson/gson/extras/src/test/java/com/google/gson/typeadapters/RuntimeTypeAdapterFactoryTest.java","107","3","116","4","1","2","31","10","1","0"
"C4143","361~CloneInstance","C949","L103","/home/ahmed/Desktop/FIT4003/extract/src/outputs/gson/gson/extras/src/test/java/com/google/gson/typeadapters/RuntimeTypeAdapterFactoryTest.java","118","3","129","4","1","2","98","12","1","0"
"C4144","362~CloneInstance","C949","L103","/home/ahmed/Desktop/FIT4003/extract/src/outputs/gson/gson/extras/src/test/java/com/google/gson/typeadapters/RuntimeTypeAdapterFactoryTest.java","131","3","142","4","1","2","98","12","1","0"
"C3075","217~CloneInstance","C601","L103","/home/ahmed/Desktop/FIT4003/extract/src/outputs/gson/gson/gson/src/main/java/com/google/gson/internal/LinkedHashTreeMap.java","137","5","173","24","1","9","24","37","1","1"
"C1179","1~CloneInstance","C115","L103","/home/ahmed/Desktop/FIT4003/extract/src/outputs/gson/gson/gson/src/main/java/com/google/gson/internal/LinkedHashTreeMap.java","252","5","300","16","1","7","22","49","1","1"
"C2617","154~CloneInstance","C464","L103","/home/ahmed/Desktop/FIT4003/extract/src/outputs/gson/gson/gson/src/main/java/com/google/gson/internal/LinkedHashTreeMap.java","346","10","364","8","1","5","12","19","1","0"
"C2618","155~CloneInstance","C464","L103","/home/ahmed/Desktop/FIT4003/extract/src/outputs/gson/gson/gson/src/main/java/com/google/gson/internal/LinkedHashTreeMap.java","364","17","382","8","1","5","12","19","1","0"
"C4360","394~CloneInstance","C1033","L103","/home/ahmed/Desktop/FIT4003/extract/src/outputs/gson/gson/gson/src/main/java/com/google/gson/internal/LinkedHashTreeMap.java","338","3","396","4","1","17","9","59","1","2"
"C4356","389~CloneInstance","C1032","L103","/home/ahmed/Desktop/FIT4003/extract/src/outputs/gson/gson/gson/src/main/java/com/google/gson/internal/LinkedHashTreeMap.java","401","3","424","4","1","5","5","24","1","0"
"C4357","390~CloneInstance","C1032","L103","/home/ahmed/Desktop/FIT4003/extract/src/outputs/gson/gson/gson/src/main/java/com/google/gson/internal/LinkedHashTreeMap.java","429","3","452","4","1","5","5","24","1","0"
"C3076","218~CloneInstance","C601","L103","/home/ahmed/Desktop/FIT4003/extract/src/outputs/gson/gson/gson/src/main/java/com/google/gson/internal/LinkedTreeMap.java","124","5","160","24","1","9","24","37","1","1"
"C1180","2~CloneInstance","C115","L103","/home/ahmed/Desktop/FIT4003/extract/src/outputs/gson/gson/gson/src/main/java/com/google/gson/internal/LinkedTreeMap.java","223","5","273","16","1","7","22","51","1","1"
"C2619","156~CloneInstance","C464","L103","/home/ahmed/Desktop/FIT4003/extract/src/outputs/gson/gson/gson/src/main/java/com/google/gson/internal/LinkedTreeMap.java","318","10","336","8","1","5","12","19","1","0"
"C2620","157~CloneInstance","C464","L103","/home/ahmed/Desktop/FIT4003/extract/src/outputs/gson/gson/gson/src/main/java/com/google/gson/internal/LinkedTreeMap.java","336","17","354","8","1","5","12","19","1","0"
"C4361","395~CloneInstance","C1033","L103","/home/ahmed/Desktop/FIT4003/extract/src/outputs/gson/gson/gson/src/main/java/com/google/gson/internal/LinkedTreeMap.java","310","3","368","4","1","17","9","59","1","2"
"C4358","391~CloneInstance","C1032","L103","/home/ahmed/Desktop/FIT4003/extract/src/outputs/gson/gson/gson/src/main/java/com/google/gson/internal/LinkedTreeMap.java","373","3","396","4","1","5","5","24","1","0"
"C4359","392~CloneInstance","C1032","L103","/home/ahmed/Desktop/FIT4003/extract/src/outputs/gson/gson/gson/src/main/java/com/google/gson/internal/LinkedTreeMap.java","401","3","424","4","1","5","5","24","1","0"
"C4377","400~CloneInstance","C1040","L103","/home/ahmed/Desktop/FIT4003/extract/src/outputs/gson/gson/gson/src/main/java/com/google/gson/internal/PreJava9DateFormatProvider.java","43","3","56","4","1","6","1","14","1","0"
"C4378","401~CloneInstance","C1040","L103","/home/ahmed/Desktop/FIT4003/extract/src/outputs/gson/gson/gson/src/main/java/com/google/gson/internal/PreJava9DateFormatProvider.java","58","3","71","4","1","6","1","14","1","0"
"C4322","384~CloneInstance","C1017","L103","/home/ahmed/Desktop/FIT4003/extract/src/outputs/gson/gson/gson/src/test/java/com/google/gson/internal/LinkedHashTreeMapTest.java","40","3","51","4","1","1","15","12","1","0"
"C4070","349~CloneInstance","C929","L103","/home/ahmed/Desktop/FIT4003/extract/src/outputs/gson/gson/gson/src/test/java/com/google/gson/internal/LinkedHashTreeMapTest.java","82","3","92","4","1","1","14","11","1","0"
"C3851","298~CloneInstance","C877","L103","/home/ahmed/Desktop/FIT4003/extract/src/outputs/gson/gson/gson/src/test/java/com/google/gson/internal/LinkedHashTreeMapTest.java","104","3","118","4","1","3","14","15","1","0"
"C4068","346~CloneInstance","C928","L103","/home/ahmed/Desktop/FIT4003/extract/src/outputs/gson/gson/gson/src/test/java/com/google/gson/internal/LinkedHashTreeMapTest.java","130","3","144","4","1","1","22","15","1","0"
"C4321","383~CloneInstance","C1017","L103","/home/ahmed/Desktop/FIT4003/extract/src/outputs/gson/gson/gson/src/test/java/com/google/gson/internal/LinkedTreeMapTest.java","40","3","51","4","1","1","15","12","1","0"
"C4069","348~CloneInstance","C929","L103","/home/ahmed/Desktop/FIT4003/extract/src/outputs/gson/gson/gson/src/test/java/com/google/gson/internal/LinkedTreeMapTest.java","82","3","92","4","1","1","14","11","1","0"
"C3850","297~CloneInstance","C877","L103","/home/ahmed/Desktop/FIT4003/extract/src/outputs/gson/gson/gson/src/test/java/com/google/gson/internal/LinkedTreeMapTest.java","101","3","115","4","1","3","14","15","1","0"
"C4067","345~CloneInstance","C928","L103","/home/ahmed/Desktop/FIT4003/extract/src/outputs/gson/gson/gson/src/test/java/com/google/gson/internal/LinkedTreeMapTest.java","127","3","141","4","1","1","22","15","1","0"
"C3722","278~CloneInstance","C838","L103","/home/ahmed/Desktop/FIT4003/extract/src/outputs/gson/gson/gson/src/test/java/com/google/gson/reflect/TypeTokenTest.java","47","3","57","4","1","1","70","11","1","0"
"C3723","279~CloneInstance","C838","L103","/home/ahmed/Desktop/FIT4003/extract/src/outputs/gson/gson/gson/src/test/java/com/google/gson/reflect/TypeTokenTest.java","72","3","82","4","1","1","70","11","1","0"
"C1907","18~CloneInstance","C263","L103","/home/ahmed/Desktop/FIT4003/extract/src/outputs/gson/gson/gson/src/main/java/com/google/gson/stream/JsonReader.java","465","15","478","6","1","5","9","14","1","0"
"C1908","19~CloneInstance","C263","L103","/home/ahmed/Desktop/FIT4003/extract/src/outputs/gson/gson/gson/src/main/java/com/google/gson/stream/JsonReader.java","481","10","493","8","1","5","9","13","1","0"
"C2972","210~CloneInstance","C560","L103","/home/ahmed/Desktop/FIT4003/extract/src/outputs/gson/gson/gson/src/main/java/com/google/gson/stream/JsonReader.java","746","5","761","15","1","16","1","16","1","1"
"C2973","211~CloneInstance","C560","L103","/home/ahmed/Desktop/FIT4003/extract/src/outputs/gson/gson/gson/src/main/java/com/google/gson/stream/JsonReader.java","1048","9","1063","19","1","16","1","16","1","1"
"C3471","232~CloneInstance","C729","L103","/home/ahmed/Desktop/FIT4003/extract/src/outputs/gson/gson/gson/src/main/java/com/google/gson/stream/JsonReader.java","1047","16","1063","19","1","16","3","17","1","1"
"C2974","212~CloneInstance","C560","L103","/home/ahmed/Desktop/FIT4003/extract/src/outputs/gson/gson/gson/src/main/java/com/google/gson/stream/JsonReader.java","1127","9","1142","19","1","16","1","16","1","1"
"C3472","233~CloneInstance","C729","L103","/home/ahmed/Desktop/FIT4003/extract/src/outputs/gson/gson/gson/src/main/java/com/google/gson/stream/JsonReader.java","1126","16","1142","19","1","16","3","17","1","1"
"C2206","52~CloneInstance","C333","L103","/home/ahmed/Desktop/FIT4003/extract/src/outputs/gson/gson/gson/src/test/java/com/google/gson/stream/JsonReaderPathTest.java","49","5","64","46","1","1","30","16","1","0"
"C2207","53~CloneInstance","C333","L103","/home/ahmed/Desktop/FIT4003/extract/src/outputs/gson/gson/gson/src/test/java/com/google/gson/stream/JsonReaderPathTest.java","65","5","80","43","1","1","30","16","1","0"
"C2212","59~CloneInstance","C334","L103","/home/ahmed/Desktop/FIT4003/extract/src/outputs/gson/gson/gson/src/test/java/com/google/gson/stream/JsonReaderPathTest.java","49","5","62","46","1","1","28","14","1","0"
"C2213","60~CloneInstance","C334","L103","/home/ahmed/Desktop/FIT4003/extract/src/outputs/gson/gson/gson/src/test/java/com/google/gson/stream/JsonReaderPathTest.java","63","5","76","49","1","1","28","14","1","0"
"C2219","67~CloneInstance","C335","L103","/home/ahmed/Desktop/FIT4003/extract/src/outputs/gson/gson/gson/src/test/java/com/google/gson/stream/JsonReaderPathTest.java","49","5","60","46","1","1","26","12","1","0"
"C2220","68~CloneInstance","C335","L103","/home/ahmed/Desktop/FIT4003/extract/src/outputs/gson/gson/gson/src/test/java/com/google/gson/stream/JsonReaderPathTest.java","61","5","72","46","1","1","26","12","1","0"
"C2226","75~CloneInstance","C336","L103","/home/ahmed/Desktop/FIT4003/extract/src/outputs/gson/gson/gson/src/test/java/com/google/gson/stream/JsonReaderPathTest.java","49","5","58","46","1","1","24","10","1","0"
"C2227","76~CloneInstance","C336","L103","/home/ahmed/Desktop/FIT4003/extract/src/outputs/gson/gson/gson/src/test/java/com/google/gson/stream/JsonReaderPathTest.java","59","5","68","48","1","1","24","10","1","0"
"C2228","77~CloneInstance","C336","L103","/home/ahmed/Desktop/FIT4003/extract/src/outputs/gson/gson/gson/src/test/java/com/google/gson/stream/JsonReaderPathTest.java","69","5","78","46","1","1","24","10","1","0"
"C2490","105~CloneInstance","C437","L103","/home/ahmed/Desktop/FIT4003/extract/src/outputs/gson/gson/gson/src/test/java/com/google/gson/stream/JsonReaderPathTest.java","48","5","68","48","1","1","35","21","1","0"
"C2493","109~CloneInstance","C438","L103","/home/ahmed/Desktop/FIT4003/extract/src/outputs/gson/gson/gson/src/test/java/com/google/gson/stream/JsonReaderPathTest.java","48","5","76","49","1","1","43","29","1","0"
"C2497","112~CloneInstance","C441","L103","/home/ahmed/Desktop/FIT4003/extract/src/outputs/gson/gson/gson/src/test/java/com/google/gson/stream/JsonReaderPathTest.java","48","5","74","49","1","1","41","27","1","0"
"C2499","115~CloneInstance","C442","L103","/home/ahmed/Desktop/FIT4003/extract/src/outputs/gson/gson/gson/src/test/java/com/google/gson/stream/JsonReaderPathTest.java","48","5","72","46","1","1","39","25","1","0"
"C2501","118~CloneInstance","C443","L103","/home/ahmed/Desktop/FIT4003/extract/src/outputs/gson/gson/gson/src/test/java/com/google/gson/stream/JsonReaderPathTest.java","48","5","70","48","1","1","37","23","1","0"
"C2503","121~CloneInstance","C444","L103","/home/ahmed/Desktop/FIT4003/extract/src/outputs/gson/gson/gson/src/test/java/com/google/gson/stream/JsonReaderPathTest.java","48","5","66","47","1","1","33","19","1","0"
"C2506","125~CloneInstance","C445","L103","/home/ahmed/Desktop/FIT4003/extract/src/outputs/gson/gson/gson/src/test/java/com/google/gson/stream/JsonReaderPathTest.java","48","5","64","46","1","1","31","17","1","0"
"C2507","126~CloneInstance","C445","L103","/home/ahmed/Desktop/FIT4003/extract/src/outputs/gson/gson/gson/src/test/java/com/google/gson/stream/JsonReaderPathTest.java","66","5","82","41","1","1","31","17","1","0"
"C2510","130~CloneInstance","C446","L103","/home/ahmed/Desktop/FIT4003/extract/src/outputs/gson/gson/gson/src/test/java/com/google/gson/stream/JsonReaderPathTest.java","48","5","62","46","1","1","29","15","1","0"
"C2511","131~CloneInstance","C446","L103","/home/ahmed/Desktop/FIT4003/extract/src/outputs/gson/gson/gson/src/test/java/com/google/gson/stream/JsonReaderPathTest.java","64","5","78","46","1","1","29","15","1","0"
"C2516","137~CloneInstance","C447","L103","/home/ahmed/Desktop/FIT4003/extract/src/outputs/gson/gson/gson/src/test/java/com/google/gson/stream/JsonReaderPathTest.java","48","5","60","46","1","1","27","13","1","0"
"C2517","138~CloneInstance","C447","L103","/home/ahmed/Desktop/FIT4003/extract/src/outputs/gson/gson/gson/src/test/java/com/google/gson/stream/JsonReaderPathTest.java","62","5","74","49","1","1","27","13","1","0"
"C2523","145~CloneInstance","C448","L103","/home/ahmed/Desktop/FIT4003/extract/src/outputs/gson/gson/gson/src/test/java/com/google/gson/stream/JsonReaderPathTest.java","48","5","58","46","1","1","25","11","1","0"
"C2524","146~CloneInstance","C448","L103","/home/ahmed/Desktop/FIT4003/extract/src/outputs/gson/gson/gson/src/test/java/com/google/gson/stream/JsonReaderPathTest.java","60","5","70","48","1","1","25","11","1","0"
"C2525","147~CloneInstance","C448","L103","/home/ahmed/Desktop/FIT4003/extract/src/outputs/gson/gson/gson/src/test/java/com/google/gson/stream/JsonReaderPathTest.java","72","5","82","41","1","1","25","11","1","0"
"C3590","250~CloneInstance","C791","L103","/home/ahmed/Desktop/FIT4003/extract/src/outputs/gson/gson/gson/src/test/java/com/google/gson/stream/JsonReaderPathTest.java","47","5","76","49","1","1","22","30","1","0"
"C3592","253~CloneInstance","C792","L103","/home/ahmed/Desktop/FIT4003/extract/src/outputs/gson/gson/gson/src/test/java/com/google/gson/stream/JsonReaderPathTest.java","47","5","68","48","1","1","30","22","1","0"
"C2208","54~CloneInstance","C333","L103","/home/ahmed/Desktop/FIT4003/extract/src/outputs/gson/gson/gson/src/test/java/com/google/gson/stream/JsonReaderPathTest.java","89","5","107","43","1","1","44","19","1","0"
"C2214","61~CloneInstance","C334","L103","/home/ahmed/Desktop/FIT4003/extract/src/outputs/gson/gson/gson/src/test/java/com/google/gson/stream/JsonReaderPathTest.java","89","5","105","43","1","1","42","17","1","0"
"C2215","62~CloneInstance","C334","L103","/home/ahmed/Desktop/FIT4003/extract/src/outputs/gson/gson/gson/src/test/java/com/google/gson/stream/JsonReaderPathTest.java","106","5","122","41","1","1","42","17","1","0"
"C2221","69~CloneInstance","C335","L103","/home/ahmed/Desktop/FIT4003/extract/src/outputs/gson/gson/gson/src/test/java/com/google/gson/stream/JsonReaderPathTest.java","89","5","102","43","1","1","40","14","1","0"
"C2222","70~CloneInstance","C335","L103","/home/ahmed/Desktop/FIT4003/extract/src/outputs/gson/gson/gson/src/test/java/com/google/gson/stream/JsonReaderPathTest.java","104","5","117","41","1","1","40","14","1","0"
"C2229","78~CloneInstance","C336","L103","/home/ahmed/Desktop/FIT4003/extract/src/outputs/gson/gson/gson/src/test/java/com/google/gson/stream/JsonReaderPathTest.java","89","5","100","43","1","1","38","12","1","0"
"C2230","79~CloneInstance","C336","L103","/home/ahmed/Desktop/FIT4003/extract/src/outputs/gson/gson/gson/src/test/java/com/google/gson/stream/JsonReaderPathTest.java","101","5","112","43","1","1","38","12","1","0"
"C2491","106~CloneInstance","C437","L103","/home/ahmed/Desktop/FIT4003/extract/src/outputs/gson/gson/gson/src/test/java/com/google/gson/stream/JsonReaderPathTest.java","87","5","112","43","1","1","49","26","1","0"
"C2494","110~CloneInstance","C438","L103","/home/ahmed/Desktop/FIT4003/extract/src/outputs/gson/gson/gson/src/test/java/com/google/gson/stream/JsonReaderPathTest.java","87","5","122","41","1","1","57","36","1","1"
"C2498","113~CloneInstance","C441","L103","/home/ahmed/Desktop/FIT4003/extract/src/outputs/gson/gson/gson/src/test/java/com/google/gson/stream/JsonReaderPathTest.java","87","5","120","41","1","1","55","34","1","1"
"C2500","116~CloneInstance","C442","L103","/home/ahmed/Desktop/FIT4003/extract/src/outputs/gson/gson/gson/src/test/java/com/google/gson/stream/JsonReaderPathTest.java","87","5","117","41","1","1","53","31","1","0"
"C2502","119~CloneInstance","C443","L103","/home/ahmed/Desktop/FIT4003/extract/src/outputs/gson/gson/gson/src/test/java/com/google/gson/stream/JsonReaderPathTest.java","87","5","115","43","1","1","51","29","1","0"
"C2504","122~CloneInstance","C444","L103","/home/ahmed/Desktop/FIT4003/extract/src/outputs/gson/gson/gson/src/test/java/com/google/gson/stream/JsonReaderPathTest.java","87","5","110","43","1","1","47","24","1","0"
"C2508","127~CloneInstance","C445","L103","/home/ahmed/Desktop/FIT4003/extract/src/outputs/gson/gson/gson/src/test/java/com/google/gson/stream/JsonReaderPathTest.java","87","5","107","43","1","1","45","21","1","0"
"C2512","132~CloneInstance","C446","L103","/home/ahmed/Desktop/FIT4003/extract/src/outputs/gson/gson/gson/src/test/java/com/google/gson/stream/JsonReaderPathTest.java","87","5","105","43","1","1","43","19","1","0"
"C2518","139~CloneInstance","C447","L103","/home/ahmed/Desktop/FIT4003/extract/src/outputs/gson/gson/gson/src/test/java/com/google/gson/stream/JsonReaderPathTest.java","87","5","102","43","1","1","41","16","1","0"
"C2519","140~CloneInstance","C447","L103","/home/ahmed/Desktop/FIT4003/extract/src/outputs/gson/gson/gson/src/test/java/com/google/gson/stream/JsonReaderPathTest.java","105","5","120","41","1","1","41","16","1","0"
"C2526","148~CloneInstance","C448","L103","/home/ahmed/Desktop/FIT4003/extract/src/outputs/gson/gson/gson/src/test/java/com/google/gson/stream/JsonReaderPathTest.java","87","5","100","43","1","1","39","14","1","0"
"C2527","149~CloneInstance","C448","L103","/home/ahmed/Desktop/FIT4003/extract/src/outputs/gson/gson/gson/src/test/java/com/google/gson/stream/JsonReaderPathTest.java","102","5","115","43","1","1","39","14","1","0"
"C3591","251~CloneInstance","C791","L103","/home/ahmed/Desktop/FIT4003/extract/src/outputs/gson/gson/gson/src/test/java/com/google/gson/stream/JsonReaderPathTest.java","86","5","122","41","1","1","30","37","1","1"
"C3593","254~CloneInstance","C792","L103","/home/ahmed/Desktop/FIT4003/extract/src/outputs/gson/gson/gson/src/test/java/com/google/gson/stream/JsonReaderPathTest.java","86","5","112","43","1","1","38","27","1","0"
"C2209","55~CloneInstance","C333","L103","/home/ahmed/Desktop/FIT4003/extract/src/outputs/gson/gson/gson/src/test/java/com/google/gson/stream/JsonReaderPathTest.java","129","5","147","41","1","1","44","19","1","0"
"C2216","63~CloneInstance","C334","L103","/home/ahmed/Desktop/FIT4003/extract/src/outputs/gson/gson/gson/src/test/java/com/google/gson/stream/JsonReaderPathTest.java","129","5","145","44","1","1","42","17","1","0"
"C2223","71~CloneInstance","C335","L103","/home/ahmed/Desktop/FIT4003/extract/src/outputs/gson/gson/gson/src/test/java/com/google/gson/stream/JsonReaderPathTest.java","129","5","142","44","1","1","40","14","1","0"
"C2231","80~CloneInstance","C336","L103","/home/ahmed/Desktop/FIT4003/extract/src/outputs/gson/gson/gson/src/test/java/com/google/gson/stream/JsonReaderPathTest.java","129","5","140","44","1","1","38","12","1","0"
"C2232","81~CloneInstance","C336","L103","/home/ahmed/Desktop/FIT4003/extract/src/outputs/gson/gson/gson/src/test/java/com/google/gson/stream/JsonReaderPathTest.java","141","5","152","41","1","1","38","12","1","0"
"C2492","107~CloneInstance","C437","L103","/home/ahmed/Desktop/FIT4003/extract/src/outputs/gson/gson/gson/src/test/java/com/google/gson/stream/JsonReaderPathTest.java","127","5","152","41","1","1","49","26","1","0"
"C2505","123~CloneInstance","C444","L103","/home/ahmed/Desktop/FIT4003/extract/src/outputs/gson/gson/gson/src/test/java/com/google/gson/stream/JsonReaderPathTest.java","127","5","150","41","1","1","47","24","1","0"
"C2509","128~CloneInstance","C445","L103","/home/ahmed/Desktop/FIT4003/extract/src/outputs/gson/gson/gson/src/test/java/com/google/gson/stream/JsonReaderPathTest.java","127","5","147","41","1","1","45","21","1","0"
"C2513","133~CloneInstance","C446","L103","/home/ahmed/Desktop/FIT4003/extract/src/outputs/gson/gson/gson/src/test/java/com/google/gson/stream/JsonReaderPathTest.java","127","5","145","44","1","1","43","19","1","0"
"C2520","141~CloneInstance","C447","L103","/home/ahmed/Desktop/FIT4003/extract/src/outputs/gson/gson/gson/src/test/java/com/google/gson/stream/JsonReaderPathTest.java","127","5","142","44","1","1","41","16","1","0"
"C2528","150~CloneInstance","C448","L103","/home/ahmed/Desktop/FIT4003/extract/src/outputs/gson/gson/gson/src/test/java/com/google/gson/stream/JsonReaderPathTest.java","127","5","140","44","1","1","39","14","1","0"
"C3594","255~CloneInstance","C792","L103","/home/ahmed/Desktop/FIT4003/extract/src/outputs/gson/gson/gson/src/test/java/com/google/gson/stream/JsonReaderPathTest.java","126","5","152","41","1","1","30","27","1","0"
"C2210","56~CloneInstance","C333","L103","/home/ahmed/Desktop/FIT4003/extract/src/outputs/gson/gson/gson/src/test/java/com/google/gson/stream/JsonReaderPathTest.java","203","5","218","41","1","1","30","16","1","0"
"C2217","64~CloneInstance","C334","L103","/home/ahmed/Desktop/FIT4003/extract/src/outputs/gson/gson/gson/src/test/java/com/google/gson/stream/JsonReaderPathTest.java","203","5","216","44","1","1","28","14","1","0"
"C2224","72~CloneInstance","C335","L103","/home/ahmed/Desktop/FIT4003/extract/src/outputs/gson/gson/gson/src/test/java/com/google/gson/stream/JsonReaderPathTest.java","203","5","214","45","1","1","26","12","1","0"
"C2233","82~CloneInstance","C336","L103","/home/ahmed/Desktop/FIT4003/extract/src/outputs/gson/gson/gson/src/test/java/com/google/gson/stream/JsonReaderPathTest.java","203","5","212","44","1","1","24","10","1","0"
"C2514","134~CloneInstance","C446","L103","/home/ahmed/Desktop/FIT4003/extract/src/outputs/gson/gson/gson/src/test/java/com/google/gson/stream/JsonReaderPathTest.java","204","5","218","41","1","1","29","15","1","0"
"C2521","142~CloneInstance","C447","L103","/home/ahmed/Desktop/FIT4003/extract/src/outputs/gson/gson/gson/src/test/java/com/google/gson/stream/JsonReaderPathTest.java","204","5","216","44","1","1","27","13","1","0"
"C2529","151~CloneInstance","C448","L103","/home/ahmed/Desktop/FIT4003/extract/src/outputs/gson/gson/gson/src/test/java/com/google/gson/stream/JsonReaderPathTest.java","204","5","214","45","1","1","25","11","1","0"
"C3585","247~CloneInstance","C789","L103","/home/ahmed/Desktop/FIT4003/extract/src/outputs/gson/gson/gson/src/test/java/com/google/gson/stream/JsonReaderPathTest.java","201","3","219","4","1","1","16","19","1","0"
"C2211","57~CloneInstance","C333","L103","/home/ahmed/Desktop/FIT4003/extract/src/outputs/gson/gson/gson/src/test/java/com/google/gson/stream/JsonReaderPathTest.java","223","5","238","41","1","1","30","16","1","0"
"C2218","65~CloneInstance","C334","L103","/home/ahmed/Desktop/FIT4003/extract/src/outputs/gson/gson/gson/src/test/java/com/google/gson/stream/JsonReaderPathTest.java","223","5","236","44","1","1","28","14","1","0"
"C2225","73~CloneInstance","C335","L103","/home/ahmed/Desktop/FIT4003/extract/src/outputs/gson/gson/gson/src/test/java/com/google/gson/stream/JsonReaderPathTest.java","223","5","234","47","1","1","26","12","1","0"
"C2234","83~CloneInstance","C336","L103","/home/ahmed/Desktop/FIT4003/extract/src/outputs/gson/gson/gson/src/test/java/com/google/gson/stream/JsonReaderPathTest.java","223","5","232","44","1","1","24","10","1","0"
"C2515","135~CloneInstance","C446","L103","/home/ahmed/Desktop/FIT4003/extract/src/outputs/gson/gson/gson/src/test/java/com/google/gson/stream/JsonReaderPathTest.java","224","5","238","41","1","1","29","15","1","0"
"C2522","143~CloneInstance","C447","L103","/home/ahmed/Desktop/FIT4003/extract/src/outputs/gson/gson/gson/src/test/java/com/google/gson/stream/JsonReaderPathTest.java","224","5","236","44","1","1","27","13","1","0"
"C2530","152~CloneInstance","C448","L103","/home/ahmed/Desktop/FIT4003/extract/src/outputs/gson/gson/gson/src/test/java/com/google/gson/stream/JsonReaderPathTest.java","224","5","234","47","1","1","25","11","1","0"
"C3586","248~CloneInstance","C789","L103","/home/ahmed/Desktop/FIT4003/extract/src/outputs/gson/gson/gson/src/test/java/com/google/gson/stream/JsonReaderPathTest.java","221","3","239","4","1","1","16","19","1","0"
"C3877","306~CloneInstance","C888","L103","/home/ahmed/Desktop/FIT4003/extract/src/outputs/gson/gson/gson/src/test/java/com/google/gson/stream/JsonReaderTest.java","107","3","117","4","1","1","43","11","1","0"
"C3878","307~CloneInstance","C888","L103","/home/ahmed/Desktop/FIT4003/extract/src/outputs/gson/gson/gson/src/test/java/com/google/gson/stream/JsonReaderTest.java","136","3","146","4","1","1","43","11","1","0"
"C3879","308~CloneInstance","C888","L103","/home/ahmed/Desktop/FIT4003/extract/src/outputs/gson/gson/gson/src/test/java/com/google/gson/stream/JsonReaderTest.java","148","3","158","4","1","1","43","11","1","0"
"C4049","335~CloneInstance","C924","L103","/home/ahmed/Desktop/FIT4003/extract/src/outputs/gson/gson/gson/src/test/java/com/google/gson/stream/JsonReaderTest.java","259","3","268","4","1","2","15","10","1","0"
"C4050","336~CloneInstance","C924","L103","/home/ahmed/Desktop/FIT4003/extract/src/outputs/gson/gson/gson/src/test/java/com/google/gson/stream/JsonReaderTest.java","270","3","279","4","1","2","15","10","1","0"
"C4051","337~CloneInstance","C924","L103","/home/ahmed/Desktop/FIT4003/extract/src/outputs/gson/gson/gson/src/test/java/com/google/gson/stream/JsonReaderTest.java","281","3","290","4","1","2","15","10","1","0"
"C4052","338~CloneInstance","C924","L103","/home/ahmed/Desktop/FIT4003/extract/src/outputs/gson/gson/gson/src/test/java/com/google/gson/stream/JsonReaderTest.java","325","3","334","4","1","2","29","10","1","0"
"C4053","339~CloneInstance","C924","L103","/home/ahmed/Desktop/FIT4003/extract/src/outputs/gson/gson/gson/src/test/java/com/google/gson/stream/JsonReaderTest.java","336","3","345","4","1","2","29","10","1","0"
"C4062","342~CloneInstance","C926","L103","/home/ahmed/Desktop/FIT4003/extract/src/outputs/gson/gson/gson/src/test/java/com/google/gson/stream/JsonReaderTest.java","347","3","356","4","1","1","15","10","1","0"
"C4063","343~CloneInstance","C926","L103","/home/ahmed/Desktop/FIT4003/extract/src/outputs/gson/gson/gson/src/test/java/com/google/gson/stream/JsonReaderTest.java","358","3","367","4","1","1","15","10","1","0"
"C4054","340~CloneInstance","C924","L103","/home/ahmed/Desktop/FIT4003/extract/src/outputs/gson/gson/gson/src/test/java/com/google/gson/stream/JsonReaderTest.java","369","3","378","4","1","2","29","10","1","0"
"C1953","37~CloneInstance","C272","L103","/home/ahmed/Desktop/FIT4003/extract/src/outputs/gson/gson/gson/src/test/java/com/google/gson/stream/JsonReaderTest.java","417","5","436","6","1","5","46","20","1","0"
"C2296","92~CloneInstance","C346","L103","/home/ahmed/Desktop/FIT4003/extract/src/outputs/gson/gson/gson/src/test/java/com/google/gson/stream/JsonReaderTest.java","416","5","436","6","1","5","47","21","1","0"
"C2643","165~CloneInstance","C474","L103","/home/ahmed/Desktop/FIT4003/extract/src/outputs/gson/gson/gson/src/test/java/com/google/gson/stream/JsonReaderTest.java","417","5","438","23","1","5","48","22","1","0"
"C2651","172~CloneInstance","C479","L103","/home/ahmed/Desktop/FIT4003/extract/src/outputs/gson/gson/gson/src/test/java/com/google/gson/stream/JsonReaderTest.java","417","5","431","6","1","4","45","15","1","0"
"C2661","183~CloneInstance","C480","L103","/home/ahmed/Desktop/FIT4003/extract/src/outputs/gson/gson/gson/src/test/java/com/google/gson/stream/JsonReaderTest.java","417","5","426","6","1","3","44","10","1","0"
"C2662","184~CloneInstance","C480","L103","/home/ahmed/Desktop/FIT4003/extract/src/outputs/gson/gson/gson/src/test/java/com/google/gson/stream/JsonReaderTest.java","427","5","436","6","1","3","30","10","1","0"
"C3974","329~CloneInstance","C908","L103","/home/ahmed/Desktop/FIT4003/extract/src/outputs/gson/gson/gson/src/test/java/com/google/gson/stream/JsonReaderTest.java","452","5","461","48","1","2","44","10","1","0"
"C3975","330~CloneInstance","C908","L103","/home/ahmed/Desktop/FIT4003/extract/src/outputs/gson/gson/gson/src/test/java/com/google/gson/stream/JsonReaderTest.java","512","5","521","51","1","2","43","10","1","0"
"C3969","322~CloneInstance","C906","L103","/home/ahmed/Desktop/FIT4003/extract/src/outputs/gson/gson/gson/src/test/java/com/google/gson/stream/JsonReaderTest.java","540","3","550","4","1","2","43","11","1","0"
"C3970","323~CloneInstance","C906","L103","/home/ahmed/Desktop/FIT4003/extract/src/outputs/gson/gson/gson/src/test/java/com/google/gson/stream/JsonReaderTest.java","552","3","562","4","1","2","43","11","1","0"
"C3971","324~CloneInstance","C906","L103","/home/ahmed/Desktop/FIT4003/extract/src/outputs/gson/gson/gson/src/test/java/com/google/gson/stream/JsonReaderTest.java","580","3","590","4","1","2","43","11","1","0"
"C3972","326~CloneInstance","C907","L103","/home/ahmed/Desktop/FIT4003/extract/src/outputs/gson/gson/gson/src/test/java/com/google/gson/stream/JsonReaderTest.java","596","3","607","4","1","2","43","12","1","0"
"C3973","327~CloneInstance","C907","L103","/home/ahmed/Desktop/FIT4003/extract/src/outputs/gson/gson/gson/src/test/java/com/google/gson/stream/JsonReaderTest.java","621","3","632","4","1","2","43","12","1","0"
"C1942","33~CloneInstance","C270","L103","/home/ahmed/Desktop/FIT4003/extract/src/outputs/gson/gson/gson/src/test/java/com/google/gson/stream/JsonReaderTest.java","711","5","721","6","1","3","17","11","1","0"
"C1954","38~CloneInstance","C272","L103","/home/ahmed/Desktop/FIT4003/extract/src/outputs/gson/gson/gson/src/test/java/com/google/gson/stream/JsonReaderTest.java","717","5","736","6","1","5","18","20","1","0"
"C1955","39~CloneInstance","C272","L103","/home/ahmed/Desktop/FIT4003/extract/src/outputs/gson/gson/gson/src/test/java/com/google/gson/stream/JsonReaderTest.java","743","5","762","6","1","5","18","20","1","0"
"C1959","44~CloneInstance","C273","L103","/home/ahmed/Desktop/FIT4003/extract/src/outputs/gson/gson/gson/src/test/java/com/google/gson/stream/JsonReaderTest.java","717","5","741","6","1","6","19","25","1","0"
"C2291","85~CloneInstance","C344","L103","/home/ahmed/Desktop/FIT4003/extract/src/outputs/gson/gson/gson/src/test/java/com/google/gson/stream/JsonReaderTest.java","710","5","721","6","1","3","18","12","1","0"
"C2641","162~CloneInstance","C473","L103","/home/ahmed/Desktop/FIT4003/extract/src/outputs/gson/gson/gson/src/test/java/com/google/gson/stream/JsonReaderTest.java","743","5","763","24","1","5","19","21","1","0"
"C2652","173~CloneInstance","C479","L103","/home/ahmed/Desktop/FIT4003/extract/src/outputs/gson/gson/gson/src/test/java/com/google/gson/stream/JsonReaderTest.java","717","5","731","6","1","4","17","15","1","0"
"C2653","174~CloneInstance","C479","L103","/home/ahmed/Desktop/FIT4003/extract/src/outputs/gson/gson/gson/src/test/java/com/google/gson/stream/JsonReaderTest.java","743","5","757","6","1","4","17","15","1","0"
"C2663","185~CloneInstance","C480","L103","/home/ahmed/Desktop/FIT4003/extract/src/outputs/gson/gson/gson/src/test/java/com/google/gson/stream/JsonReaderTest.java","717","5","726","6","1","3","16","10","1","0"
"C2664","186~CloneInstance","C480","L103","/home/ahmed/Desktop/FIT4003/extract/src/outputs/gson/gson/gson/src/test/java/com/google/gson/stream/JsonReaderTest.java","727","5","736","6","1","3","16","10","1","0"
"C2665","187~CloneInstance","C480","L103","/home/ahmed/Desktop/FIT4003/extract/src/outputs/gson/gson/gson/src/test/java/com/google/gson/stream/JsonReaderTest.java","743","5","752","6","1","3","16","10","1","0"
"C2666","188~CloneInstance","C480","L103","/home/ahmed/Desktop/FIT4003/extract/src/outputs/gson/gson/gson/src/test/java/com/google/gson/stream/JsonReaderTest.java","753","5","762","6","1","3","16","10","1","0"
"C3907","313~CloneInstance","C894","L103","/home/ahmed/Desktop/FIT4003/extract/src/outputs/gson/gson/gson/src/test/java/com/google/gson/stream/JsonReaderTest.java","800","3","818","4","1","3","16","19","1","0"
"C3908","314~CloneInstance","C894","L103","/home/ahmed/Desktop/FIT4003/extract/src/outputs/gson/gson/gson/src/test/java/com/google/gson/stream/JsonReaderTest.java","834","3","852","4","1","3","16","19","1","0"
"C1502","12~CloneInstance","C153","L103","/home/ahmed/Desktop/FIT4003/extract/src/outputs/gson/gson/gson/src/test/java/com/google/gson/stream/JsonReaderTest.java","875","5","888","6","1","3","20","14","1","0"
"C1931","21~CloneInstance","C267","L103","/home/ahmed/Desktop/FIT4003/extract/src/outputs/gson/gson/gson/src/test/java/com/google/gson/stream/JsonReaderTest.java","876","5","888","6","1","3","19","13","1","0"
"C1937","28~CloneInstance","C268","L103","/home/ahmed/Desktop/FIT4003/extract/src/outputs/gson/gson/gson/src/test/java/com/google/gson/stream/JsonReaderTest.java","876","5","891","25","1","3","22","16","1","0"
"C3925","319~CloneInstance","C898","L103","/home/ahmed/Desktop/FIT4003/extract/src/outputs/gson/gson/gson/src/test/java/com/google/gson/stream/JsonReaderTest.java","873","3","897","4","1","4","17","25","1","0"
"C1503","13~CloneInstance","C153","L103","/home/ahmed/Desktop/FIT4003/extract/src/outputs/gson/gson/gson/src/test/java/com/google/gson/stream/JsonReaderTest.java","918","5","931","6","1","3","20","14","1","0"
"C1932","22~CloneInstance","C267","L103","/home/ahmed/Desktop/FIT4003/extract/src/outputs/gson/gson/gson/src/test/java/com/google/gson/stream/JsonReaderTest.java","919","5","931","6","1","3","19","13","1","0"
"C1938","29~CloneInstance","C268","L103","/home/ahmed/Desktop/FIT4003/extract/src/outputs/gson/gson/gson/src/test/java/com/google/gson/stream/JsonReaderTest.java","919","5","934","25","1","3","22","16","1","0"
"C3926","320~CloneInstance","C898","L103","/home/ahmed/Desktop/FIT4003/extract/src/outputs/gson/gson/gson/src/test/java/com/google/gson/stream/JsonReaderTest.java","916","3","940","4","1","4","17","25","1","0"
"C3912","316~CloneInstance","C896","L103","/home/ahmed/Desktop/FIT4003/extract/src/outputs/gson/gson/gson/src/test/java/com/google/gson/stream/JsonReaderTest.java","1050","3","1059","4","1","2","15","10","1","0"
"C3913","317~CloneInstance","C896","L103","/home/ahmed/Desktop/FIT4003/extract/src/outputs/gson/gson/gson/src/test/java/com/google/gson/stream/JsonReaderTest.java","1069","3","1078","4","1","2","15","10","1","0"
"C3905","310~CloneInstance","C893","L103","/home/ahmed/Desktop/FIT4003/extract/src/outputs/gson/gson/gson/src/test/java/com/google/gson/stream/JsonReaderTest.java","1080","3","1090","4","1","2","15","11","1","0"
"C3906","311~CloneInstance","C893","L103","/home/ahmed/Desktop/FIT4003/extract/src/outputs/gson/gson/gson/src/test/java/com/google/gson/stream/JsonReaderTest.java","1101","3","1111","4","1","2","15","11","1","0"
"C1318","7~CloneInstance","C141","L103","/home/ahmed/Desktop/FIT4003/extract/src/outputs/gson/gson/gson/src/test/java/com/google/gson/stream/JsonReaderTest.java","1115","5","1129","6","1","3","21","15","1","0"
"C1319","8~CloneInstance","C141","L103","/home/ahmed/Desktop/FIT4003/extract/src/outputs/gson/gson/gson/src/test/java/com/google/gson/stream/JsonReaderTest.java","1132","5","1146","6","1","3","21","15","1","0"
"C1933","23~CloneInstance","C267","L103","/home/ahmed/Desktop/FIT4003/extract/src/outputs/gson/gson/gson/src/test/java/com/google/gson/stream/JsonReaderTest.java","1117","5","1129","6","1","3","19","13","1","0"
"C1934","24~CloneInstance","C267","L103","/home/ahmed/Desktop/FIT4003/extract/src/outputs/gson/gson/gson/src/test/java/com/google/gson/stream/JsonReaderTest.java","1134","5","1146","6","1","3","19","13","1","0"
"C1939","30~CloneInstance","C268","L103","/home/ahmed/Desktop/FIT4003/extract/src/outputs/gson/gson/gson/src/test/java/com/google/gson/stream/JsonReaderTest.java","1117","5","1132","25","1","3","22","16","1","0"
"C3866","303~CloneInstance","C884","L103","/home/ahmed/Desktop/FIT4003/extract/src/outputs/gson/gson/gson/src/test/java/com/google/gson/stream/JsonReaderTest.java","1113","3","1147","4","1","5","18","35","1","1"
"C1320","9~CloneInstance","C141","L103","/home/ahmed/Desktop/FIT4003/extract/src/outputs/gson/gson/gson/src/test/java/com/google/gson/stream/JsonReaderTest.java","1182","5","1196","6","1","3","21","15","1","0"
"C1321","10~CloneInstance","C141","L103","/home/ahmed/Desktop/FIT4003/extract/src/outputs/gson/gson/gson/src/test/java/com/google/gson/stream/JsonReaderTest.java","1199","5","1213","6","1","3","21","15","1","0"
"C1935","25~CloneInstance","C267","L103","/home/ahmed/Desktop/FIT4003/extract/src/outputs/gson/gson/gson/src/test/java/com/google/gson/stream/JsonReaderTest.java","1184","5","1196","6","1","3","19","13","1","0"
"C1936","26~CloneInstance","C267","L103","/home/ahmed/Desktop/FIT4003/extract/src/outputs/gson/gson/gson/src/test/java/com/google/gson/stream/JsonReaderTest.java","1201","5","1213","6","1","3","19","13","1","0"
"C1940","31~CloneInstance","C268","L103","/home/ahmed/Desktop/FIT4003/extract/src/outputs/gson/gson/gson/src/test/java/com/google/gson/stream/JsonReaderTest.java","1184","5","1199","25","1","3","22","16","1","0"
"C3867","304~CloneInstance","C884","L103","/home/ahmed/Desktop/FIT4003/extract/src/outputs/gson/gson/gson/src/test/java/com/google/gson/stream/JsonReaderTest.java","1180","3","1214","4","1","5","18","35","1","1"
"C3859","300~CloneInstance","C881","L103","/home/ahmed/Desktop/FIT4003/extract/src/outputs/gson/gson/gson/src/test/java/com/google/gson/stream/JsonReaderTest.java","1216","3","1225","4","1","2","29","10","1","0"
"C3860","301~CloneInstance","C881","L103","/home/ahmed/Desktop/FIT4003/extract/src/outputs/gson/gson/gson/src/test/java/com/google/gson/stream/JsonReaderTest.java","1238","3","1247","4","1","2","15","10","1","0"
"C4485","421~CloneInstance","C1091","L103","/home/ahmed/Desktop/FIT4003/extract/src/outputs/gson/gson/gson/src/test/java/com/google/gson/stream/JsonReaderTest.java","1389","5","1398","6","1","2","31","10","1","0"
"C4486","422~CloneInstance","C1091","L103","/home/ahmed/Desktop/FIT4003/extract/src/outputs/gson/gson/gson/src/test/java/com/google/gson/stream/JsonReaderTest.java","1401","5","1410","6","1","2","31","10","1","0"
"C3989","332~CloneInstance","C912","L103","/home/ahmed/Desktop/FIT4003/extract/src/outputs/gson/gson/gson/src/test/java/com/google/gson/stream/JsonReaderTest.java","1527","3","1538","4","1","2","43","12","1","0"
"C3990","333~CloneInstance","C912","L103","/home/ahmed/Desktop/FIT4003/extract/src/outputs/gson/gson/gson/src/test/java/com/google/gson/stream/JsonReaderTest.java","1655","3","1666","4","1","2","29","12","1","0"
"C3824","293~CloneInstance","C869","L103","/home/ahmed/Desktop/FIT4003/extract/src/outputs/gson/gson/gson/src/test/java/com/google/gson/stream/JsonWriterTest.java","118","3","128","4","1","2","14","11","1","0"
"C3825","294~CloneInstance","C869","L103","/home/ahmed/Desktop/FIT4003/extract/src/outputs/gson/gson/gson/src/test/java/com/google/gson/stream/JsonWriterTest.java","130","3","140","4","1","2","14","11","1","0"
"C2299","96~CloneInstance","C347","L103","/home/ahmed/Desktop/FIT4003/extract/src/outputs/gson/gson/gson/src/test/java/com/google/gson/stream/JsonWriterTest.java","178","5","193","6","1","4","18","16","1","0"
"C2675","198~CloneInstance","C481","L103","/home/ahmed/Desktop/FIT4003/extract/src/outputs/gson/gson/gson/src/test/java/com/google/gson/stream/JsonWriterTest.java","179","5","188","6","1","3","16","10","1","0"
"C2301","99~CloneInstance","C348","L103","/home/ahmed/Desktop/FIT4003/extract/src/outputs/gson/gson/gson/src/test/java/com/google/gson/stream/JsonWriterTest.java","199","5","214","6","1","4","18","16","1","0"
"C2677","201~CloneInstance","C482","L103","/home/ahmed/Desktop/FIT4003/extract/src/outputs/gson/gson/gson/src/test/java/com/google/gson/stream/JsonWriterTest.java","200","5","209","6","1","3","16","10","1","0"
"C3157","220~CloneInstance","C634","L103","/home/ahmed/Desktop/FIT4003/extract/src/outputs/gson/gson/gson/src/test/java/com/google/gson/stream/JsonWriterTest.java","492","5","509","53","1","1","17","18","1","0"
"C3158","221~CloneInstance","C634","L103","/home/ahmed/Desktop/FIT4003/extract/src/outputs/gson/gson/gson/src/test/java/com/google/gson/stream/JsonWriterTest.java","529","5","546","53","1","1","17","18","1","0"
"C3826","295~CloneInstance","C869","L103","/home/ahmed/Desktop/FIT4003/extract/src/outputs/gson/gson/gson/src/test/java/com/google/gson/stream/JsonWriterTest.java","561","3","571","4","1","2","14","11","1","0"
"C1952","36~CloneInstance","C272","L103","/home/ahmed/Desktop/FIT4003/extract/src/outputs/gson/gson/gson/src/test/java/com/google/gson/stream/JsonWriterTest.java","579","5","598","6","1","5","18","20","1","0"
"C2173","49~CloneInstance","C320","L103","/home/ahmed/Desktop/FIT4003/extract/src/outputs/gson/gson/gson/src/test/java/com/google/gson/stream/JsonWriterTest.java","577","5","598","6","1","5","20","22","1","0"
"C2295","91~CloneInstance","C346","L103","/home/ahmed/Desktop/FIT4003/extract/src/outputs/gson/gson/gson/src/test/java/com/google/gson/stream/JsonWriterTest.java","578","5","598","6","1","5","19","21","1","0"
"C2650","171~CloneInstance","C479","L103","/home/ahmed/Desktop/FIT4003/extract/src/outputs/gson/gson/gson/src/test/java/com/google/gson/stream/JsonWriterTest.java","579","5","593","6","1","4","17","15","1","0"
"C2659","181~CloneInstance","C480","L103","/home/ahmed/Desktop/FIT4003/extract/src/outputs/gson/gson/gson/src/test/java/com/google/gson/stream/JsonWriterTest.java","579","5","588","6","1","3","16","10","1","0"
"C2660","182~CloneInstance","C480","L103","/home/ahmed/Desktop/FIT4003/extract/src/outputs/gson/gson/gson/src/test/java/com/google/gson/stream/JsonWriterTest.java","589","5","598","6","1","3","16","10","1","0"
"C3805","287~CloneInstance","C865","L103","/home/ahmed/Desktop/FIT4003/extract/src/outputs/gson/gson/gson/src/test/java/com/google/gson/stream/JsonWriterTest.java","574","5","583","6","1","2","17","10","1","0"
"C3807","290~CloneInstance","C866","L103","/home/ahmed/Desktop/FIT4003/extract/src/outputs/gson/gson/gson/src/test/java/com/google/gson/stream/JsonWriterTest.java","601","3","612","4","1","2","14","12","1","0"
"C3808","291~CloneInstance","C866","L103","/home/ahmed/Desktop/FIT4003/extract/src/outputs/gson/gson/gson/src/test/java/com/google/gson/stream/JsonWriterTest.java","614","3","625","4","1","2","14","12","1","0"
"C3806","288~CloneInstance","C865","L103","/home/ahmed/Desktop/FIT4003/extract/src/outputs/gson/gson/gson/src/test/java/com/google/gson/stream/JsonWriterTest.java","628","5","637","6","1","2","14","10","1","0"
"C3320","223~CloneInstance","C689","L103","/home/ahmed/Desktop/FIT4003/extract/src/outputs/gson/gson/gson/src/test/java/com/google/gson/functional/CollectionTest.java","130","52","139","4","1","1","29","10","1","0"
"C3321","224~CloneInstance","C689","L103","/home/ahmed/Desktop/FIT4003/extract/src/outputs/gson/gson/gson/src/test/java/com/google/gson/functional/CollectionTest.java","152","27","161","4","1","1","29","10","1","0"
"C4192","370~CloneInstance","C964","L103","/home/ahmed/Desktop/FIT4003/extract/src/outputs/gson/gson/gson/src/test/java/com/google/gson/functional/CustomDeserializerTest.java","152","5","161","51","1","1","83","10","1","0"
"C4193","371~CloneInstance","C964","L103","/home/ahmed/Desktop/FIT4003/extract/src/outputs/gson/gson/gson/src/test/java/com/google/gson/functional/CustomDeserializerTest.java","166","5","175","79","1","1","87","10","1","0"
"C4194","372~CloneInstance","C964","L103","/home/ahmed/Desktop/FIT4003/extract/src/outputs/gson/gson/gson/src/test/java/com/google/gson/functional/CustomDeserializerTest.java","195","5","204","79","1","1","85","10","1","0"
"C4169","367~CloneInstance","C956","L103","/home/ahmed/Desktop/FIT4003/extract/src/outputs/gson/gson/gson/src/test/java/com/google/gson/functional/CustomSerializerTest.java","45","4","54","5","1","1","80","10","1","0"
"C4170","368~CloneInstance","C956","L103","/home/ahmed/Desktop/FIT4003/extract/src/outputs/gson/gson/gson/src/test/java/com/google/gson/functional/CustomSerializerTest.java","56","4","65","5","1","1","80","10","1","0"
"C4199","374~CloneInstance","C966","L103","/home/ahmed/Desktop/FIT4003/extract/src/outputs/gson/gson/gson/src/test/java/com/google/gson/functional/CustomTypeAdaptersTest.java","136","5","147","23","1","1","84","12","1","0"
"C4200","375~CloneInstance","C966","L103","/home/ahmed/Desktop/FIT4003/extract/src/outputs/gson/gson/gson/src/test/java/com/google/gson/functional/CustomTypeAdaptersTest.java","153","5","164","23","1","1","85","12","1","0"
"C3735","281~CloneInstance","C844","L103","/home/ahmed/Desktop/FIT4003/extract/src/outputs/gson/gson/gson/src/test/java/com/google/gson/functional/DefaultTypeAdaptersTest.java","434","3","444","4","1","1","26","11","1","0"
"C3736","282~CloneInstance","C844","L103","/home/ahmed/Desktop/FIT4003/extract/src/outputs/gson/gson/gson/src/test/java/com/google/gson/functional/DefaultTypeAdaptersTest.java","458","3","468","4","1","1","26","11","1","0"
"C3795","284~CloneInstance","C862","L103","/home/ahmed/Desktop/FIT4003/extract/src/outputs/gson/gson/gson/src/test/java/com/google/gson/functional/FieldExclusionTest.java","42","3","52","4","1","1","32","11","1","0"
"C3796","285~CloneInstance","C862","L103","/home/ahmed/Desktop/FIT4003/extract/src/outputs/gson/gson/gson/src/test/java/com/google/gson/functional/FieldExclusionTest.java","61","3","71","4","1","1","32","11","1","0"
"C4395","409~CloneInstance","C1049","L103","/home/ahmed/Desktop/FIT4003/extract/src/outputs/gson/gson/gson/src/test/java/com/google/gson/functional/ParameterizedTypesTest.java","162","5","172","58","1","1","31","11","1","0"
"C4396","410~CloneInstance","C1049","L103","/home/ahmed/Desktop/FIT4003/extract/src/outputs/gson/gson/gson/src/test/java/com/google/gson/functional/ParameterizedTypesTest.java","179","5","189","58","1","1","32","11","1","0"
"C4127","358~CloneInstance","C942","L103","/home/ahmed/Desktop/FIT4003/extract/src/outputs/gson/gson/gson/src/test/java/com/google/gson/functional/PrimitiveTest.java","241","3","250","4","1","1","17","10","1","0"
"C4128","359~CloneInstance","C942","L103","/home/ahmed/Desktop/FIT4003/extract/src/outputs/gson/gson/gson/src/test/java/com/google/gson/functional/PrimitiveTest.java","305","3","314","4","1","1","17","10","1","0"
"C4119","351~CloneInstance","C940","L103","/home/ahmed/Desktop/FIT4003/extract/src/outputs/gson/gson/gson/src/test/java/com/google/gson/functional/PrimitiveTest.java","349","3","361","4","1","3","15","13","1","0"
"C4120","352~CloneInstance","C940","L103","/home/ahmed/Desktop/FIT4003/extract/src/outputs/gson/gson/gson/src/test/java/com/google/gson/functional/PrimitiveTest.java","375","3","387","4","1","3","15","13","1","0"
"C4121","353~CloneInstance","C940","L103","/home/ahmed/Desktop/FIT4003/extract/src/outputs/gson/gson/gson/src/test/java/com/google/gson/functional/PrimitiveTest.java","409","3","421","4","1","3","15","13","1","0"
"C4122","354~CloneInstance","C940","L103","/home/ahmed/Desktop/FIT4003/extract/src/outputs/gson/gson/gson/src/test/java/com/google/gson/functional/PrimitiveTest.java","435","3","447","4","1","3","15","13","1","0"
"C4123","355~CloneInstance","C940","L103","/home/ahmed/Desktop/FIT4003/extract/src/outputs/gson/gson/gson/src/test/java/com/google/gson/functional/PrimitiveTest.java","469","3","481","4","1","3","15","13","1","0"
"C4124","356~CloneInstance","C940","L103","/home/ahmed/Desktop/FIT4003/extract/src/outputs/gson/gson/gson/src/test/java/com/google/gson/functional/PrimitiveTest.java","495","3","507","4","1","3","15","13","1","0"
"C3575","244~CloneInstance","C784","L103","/home/ahmed/Desktop/FIT4003/extract/src/outputs/gson/gson/gson/src/test/java/com/google/gson/functional/PrimitiveTest.java","738","5","747","6","1","3","28","10","1","0"
"C3576","245~CloneInstance","C784","L103","/home/ahmed/Desktop/FIT4003/extract/src/outputs/gson/gson/gson/src/test/java/com/google/gson/functional/PrimitiveTest.java","748","5","757","6","1","3","28","10","1","0"
"C4162","364~CloneInstance","C954","L103","/home/ahmed/Desktop/FIT4003/extract/src/outputs/gson/gson/gson/src/test/java/com/google/gson/functional/TypeAdapterPrecedenceTest.java","35","3","44","4","1","1","31","10","1","0"
"C4163","365~CloneInstance","C954","L103","/home/ahmed/Desktop/FIT4003/extract/src/outputs/gson/gson/gson/src/test/java/com/google/gson/functional/TypeAdapterPrecedenceTest.java","105","3","114","4","1","1","31","10","1","0"
"C4215","377~CloneInstance","C974","L103","/home/ahmed/Desktop/FIT4003/extract/src/outputs/gson/gson/gson/src/test/java/com/google/gson/metrics/PerformanceTest.java","209","3","219","4","1","2","17","11","1","0"
"C4216","378~CloneInstance","C974","L103","/home/ahmed/Desktop/FIT4003/extract/src/outputs/gson/gson/gson/src/test/java/com/google/gson/metrics/PerformanceTest.java","255","3","265","4","1","2","17","11","1","0"
"C4372","397~CloneInstance","C1038","L103","/home/ahmed/Desktop/FIT4003/extract/src/outputs/gson/gson/metrics/src/main/java/com/google/gson/metrics/BagOfPrimitives.java","45","3","54","4","1","1","4","10","1","0"
"C3616","260~CloneInstance","C798","L103","/home/ahmed/Desktop/FIT4003/extract/src/outputs/gson/gson/metrics/src/main/java/com/google/gson/metrics/BagOfPrimitives.java","56","3","65","4","1","3","5","10","1","0"
"C3618","263~CloneInstance","C799","L103","/home/ahmed/Desktop/FIT4003/extract/src/outputs/gson/gson/metrics/src/main/java/com/google/gson/metrics/BagOfPrimitives.java","67","3","88","4","1","10","6","22","1","0"
"C3495","236~CloneInstance","C739","L103","/home/ahmed/Desktop/FIT4003/extract/src/outputs/gson/gson/metrics/src/main/java/com/google/gson/metrics/BagOfPrimitivesDeserializationBenchmark.java","66","7","85","22","1","6","30","20","1","0"
"C3497","239~CloneInstance","C740","L103","/home/ahmed/Desktop/FIT4003/extract/src/outputs/gson/gson/metrics/src/main/java/com/google/gson/metrics/BagOfPrimitivesDeserializationBenchmark.java","99","7","120","22","1","8","28","22","1","0"
"C3494","235~CloneInstance","C739","L103","/home/ahmed/Desktop/FIT4003/extract/src/outputs/gson/gson/metrics/src/main/java/com/google/gson/metrics/CollectionsDeserializationBenchmark.java","75","9","94","24","1","6","30","20","1","0"
"C3496","238~CloneInstance","C740","L103","/home/ahmed/Desktop/FIT4003/extract/src/outputs/gson/gson/metrics/src/main/java/com/google/gson/metrics/CollectionsDeserializationBenchmark.java","113","9","134","24","1","8","29","22","1","0"
"C1903","15~CloneInstance","C261","L103","/home/ahmed/Desktop/FIT4003/extract/src/outputs/gson/gson/gson/src/test/java/com/google/gson/ParameterizedTypeFixtures.java","64","11","74","10","1","6","0","11","1","0"
"C1904","16~CloneInstance","C261","L103","/home/ahmed/Desktop/FIT4003/extract/src/outputs/gson/gson/proto/src/main/java/com/google/gson/protobuf/ProtoTypeAdapter.java","313","9","323","8","1","6","17","11","1","0"
"C4345","386~CloneInstance","C1027","L103","/home/ahmed/Desktop/FIT4003/extract/src/outputs/gson/gson/extras/src/test/java/com/google/gson/typeadapters/PostConstructAdapterFactoryTest.java","74","13","83","14","1","5","6","10","1","0"
"C4346","387~CloneInstance","C1027","L103","/home/ahmed/Desktop/FIT4003/extract/src/outputs/gson/gson/extras/src/test/java/com/google/gson/typeadapters/PostConstructAdapterFactoryTest.java","99","13","108","14","1","5","4","10","1","0"
"C3449","230~CloneInstance","C720","L103","/home/ahmed/Desktop/FIT4003/extract/src/outputs/gson/gson/extras/src/main/java/com/google/gson/typeadapters/RuntimeTypeAdapterFactory.java","200","7","215","8","1","3","124","16","1","1"
"C2943","207~CloneInstance","C552","L103","/home/ahmed/Desktop/FIT4003/extract/src/outputs/gson/gson/gson/src/main/java/com/google/gson/internal/bind/DateTypeAdapter.java","78","60","89","4","1","4","14","12","1","0"
"C3595","257~CloneInstance","C793","L103","/home/ahmed/Desktop/FIT4003/extract/src/outputs/gson/gson/gson/src/main/java/com/google/gson/internal/bind/JsonTreeReader.java","223","3","235","4","1","3","95","13","1","0"
"C3596","258~CloneInstance","C793","L103","/home/ahmed/Desktop/FIT4003/extract/src/outputs/gson/gson/gson/src/main/java/com/google/gson/internal/bind/JsonTreeReader.java","237","3","249","4","1","3","175","13","1","1"
"C3647","269~CloneInstance","C808","L103","/home/ahmed/Desktop/FIT4003/extract/src/outputs/gson/gson/gson/src/main/java/com/google/gson/internal/bind/JsonTreeWriter.java","101","3","111","4","1","3","131","11","1","1"
"C3648","270~CloneInstance","C808","L103","/home/ahmed/Desktop/FIT4003/extract/src/outputs/gson/gson/gson/src/main/java/com/google/gson/internal/bind/JsonTreeWriter.java","120","3","130","4","1","3","131","11","1","1"
"C2687","204~CloneInstance","C485","L103","/home/ahmed/Desktop/FIT4003/extract/src/outputs/gson/gson/gson/src/main/java/com/google/gson/internal/bind/TypeAdapters.java","846","55","858","4","1","2","19","13","1","0"
"C2688","205~CloneInstance","C485","L103","/home/ahmed/Desktop/FIT4003/extract/src/outputs/gson/gson/gson/src/main/java/com/google/gson/internal/bind/TypeAdapters.java","861","38","873","4","1","2","19","13","1","0"
"C1943","34~CloneInstance","C270","L103","/home/ahmed/Desktop/FIT4003/extract/src/outputs/gson/gson/gson/src/test/java/com/google/gson/internal/bind/JsonElementReaderTest.java","54","5","64","6","1","3","19","11","1","0"
"C2292","86~CloneInstance","C344","L103","/home/ahmed/Desktop/FIT4003/extract/src/outputs/gson/gson/gson/src/test/java/com/google/gson/internal/bind/JsonElementReaderTest.java","53","5","64","6","1","3","20","12","1","0"
"C1956","40~CloneInstance","C272","L103","/home/ahmed/Desktop/FIT4003/extract/src/outputs/gson/gson/gson/src/test/java/com/google/gson/internal/bind/JsonElementReaderTest.java","214","5","233","6","1","5","20","20","1","0"
"C1957","41~CloneInstance","C272","L103","/home/ahmed/Desktop/FIT4003/extract/src/outputs/gson/gson/gson/src/test/java/com/google/gson/internal/bind/JsonElementReaderTest.java","234","5","253","6","1","5","20","20","1","0"
"C1958","42~CloneInstance","C272","L103","/home/ahmed/Desktop/FIT4003/extract/src/outputs/gson/gson/gson/src/test/java/com/google/gson/internal/bind/JsonElementReaderTest.java","267","5","286","6","1","5","20","20","1","0"
"C1960","45~CloneInstance","C273","L103","/home/ahmed/Desktop/FIT4003/extract/src/outputs/gson/gson/gson/src/test/java/com/google/gson/internal/bind/JsonElementReaderTest.java","214","5","238","6","1","6","21","25","1","0"
"C1961","46~CloneInstance","C273","L103","/home/ahmed/Desktop/FIT4003/extract/src/outputs/gson/gson/gson/src/test/java/com/google/gson/internal/bind/JsonElementReaderTest.java","239","5","263","6","1","6","21","25","1","0"
"C1962","47~CloneInstance","C273","L103","/home/ahmed/Desktop/FIT4003/extract/src/outputs/gson/gson/gson/src/test/java/com/google/gson/internal/bind/JsonElementReaderTest.java","267","5","291","6","1","6","21","25","1","0"
"C2174","50~CloneInstance","C320","L103","/home/ahmed/Desktop/FIT4003/extract/src/outputs/gson/gson/gson/src/test/java/com/google/gson/internal/bind/JsonElementReaderTest.java","264","5","286","6","1","5","22","23","1","0"
"C2293","88~CloneInstance","C345","L103","/home/ahmed/Desktop/FIT4003/extract/src/outputs/gson/gson/gson/src/test/java/com/google/gson/internal/bind/JsonElementReaderTest.java","213","5","243","6","1","7","23","31","1","0"
"C2294","89~CloneInstance","C345","L103","/home/ahmed/Desktop/FIT4003/extract/src/outputs/gson/gson/gson/src/test/java/com/google/gson/internal/bind/JsonElementReaderTest.java","265","5","296","6","1","7","23","32","1","0"
"C2297","93~CloneInstance","C346","L103","/home/ahmed/Desktop/FIT4003/extract/src/outputs/gson/gson/gson/src/test/java/com/google/gson/internal/bind/JsonElementReaderTest.java","213","5","233","6","1","5","21","21","1","0"
"C2298","94~CloneInstance","C346","L103","/home/ahmed/Desktop/FIT4003/extract/src/outputs/gson/gson/gson/src/test/java/com/google/gson/internal/bind/JsonElementReaderTest.java","265","5","286","6","1","5","21","22","1","0"
"C2642","163~CloneInstance","C473","L103","/home/ahmed/Desktop/FIT4003/extract/src/outputs/gson/gson/gson/src/test/java/com/google/gson/internal/bind/JsonElementReaderTest.java","244","5","264","25","1","5","21","21","1","0"
"C2644","166~CloneInstance","C474","L103","/home/ahmed/Desktop/FIT4003/extract/src/outputs/gson/gson/gson/src/test/java/com/google/gson/internal/bind/JsonElementReaderTest.java","277","5","298","23","1","5","22","22","1","0"
"C2645","168~CloneInstance","C475","L103","/home/ahmed/Desktop/FIT4003/extract/src/outputs/gson/gson/gson/src/test/java/com/google/gson/internal/bind/JsonElementReaderTest.java","214","5","243","6","1","7","22","30","1","0"
"C2646","169~CloneInstance","C475","L103","/home/ahmed/Desktop/FIT4003/extract/src/outputs/gson/gson/gson/src/test/java/com/google/gson/internal/bind/JsonElementReaderTest.java","267","5","296","6","1","7","22","30","1","0"
"C2654","175~CloneInstance","C479","L103","/home/ahmed/Desktop/FIT4003/extract/src/outputs/gson/gson/gson/src/test/java/com/google/gson/internal/bind/JsonElementReaderTest.java","214","5","228","6","1","4","19","15","1","0"
"C2655","176~CloneInstance","C479","L103","/home/ahmed/Desktop/FIT4003/extract/src/outputs/gson/gson/gson/src/test/java/com/google/gson/internal/bind/JsonElementReaderTest.java","229","5","243","6","1","4","19","15","1","0"
"C2656","177~CloneInstance","C479","L103","/home/ahmed/Desktop/FIT4003/extract/src/outputs/gson/gson/gson/src/test/java/com/google/gson/internal/bind/JsonElementReaderTest.java","244","5","258","6","1","4","19","15","1","0"
"C2657","178~CloneInstance","C479","L103","/home/ahmed/Desktop/FIT4003/extract/src/outputs/gson/gson/gson/src/test/java/com/google/gson/internal/bind/JsonElementReaderTest.java","267","5","281","6","1","4","19","15","1","0"
"C2658","179~CloneInstance","C479","L103","/home/ahmed/Desktop/FIT4003/extract/src/outputs/gson/gson/gson/src/test/java/com/google/gson/internal/bind/JsonElementReaderTest.java","282","5","296","6","1","4","19","15","1","0"
"C2667","189~CloneInstance","C480","L103","/home/ahmed/Desktop/FIT4003/extract/src/outputs/gson/gson/gson/src/test/java/com/google/gson/internal/bind/JsonElementReaderTest.java","214","5","223","6","1","3","18","10","1","0"
"C2668","190~CloneInstance","C480","L103","/home/ahmed/Desktop/FIT4003/extract/src/outputs/gson/gson/gson/src/test/java/com/google/gson/internal/bind/JsonElementReaderTest.java","224","5","233","6","1","3","18","10","1","0"
"C2669","191~CloneInstance","C480","L103","/home/ahmed/Desktop/FIT4003/extract/src/outputs/gson/gson/gson/src/test/java/com/google/gson/internal/bind/JsonElementReaderTest.java","234","5","243","6","1","3","18","10","1","0"
"C2670","192~CloneInstance","C480","L103","/home/ahmed/Desktop/FIT4003/extract/src/outputs/gson/gson/gson/src/test/java/com/google/gson/internal/bind/JsonElementReaderTest.java","244","5","253","6","1","3","18","10","1","0"
"C2671","193~CloneInstance","C480","L103","/home/ahmed/Desktop/FIT4003/extract/src/outputs/gson/gson/gson/src/test/java/com/google/gson/internal/bind/JsonElementReaderTest.java","254","5","263","6","1","3","18","10","1","0"
"C2672","194~CloneInstance","C480","L103","/home/ahmed/Desktop/FIT4003/extract/src/outputs/gson/gson/gson/src/test/java/com/google/gson/internal/bind/JsonElementReaderTest.java","267","5","276","6","1","3","18","10","1","0"
"C2673","195~CloneInstance","C480","L103","/home/ahmed/Desktop/FIT4003/extract/src/outputs/gson/gson/gson/src/test/java/com/google/gson/internal/bind/JsonElementReaderTest.java","277","5","286","6","1","3","18","10","1","0"
"C2674","196~CloneInstance","C480","L103","/home/ahmed/Desktop/FIT4003/extract/src/outputs/gson/gson/gson/src/test/java/com/google/gson/internal/bind/JsonElementReaderTest.java","287","5","296","6","1","3","18","10","1","0"
"C2300","97~CloneInstance","C347","L103","/home/ahmed/Desktop/FIT4003/extract/src/outputs/gson/gson/gson/src/test/java/com/google/gson/internal/bind/JsonTreeWriterTest.java","137","5","152","6","1","4","35","16","1","0"
"C2676","199~CloneInstance","C481","L103","/home/ahmed/Desktop/FIT4003/extract/src/outputs/gson/gson/gson/src/test/java/com/google/gson/internal/bind/JsonTreeWriterTest.java","138","5","147","6","1","3","33","10","1","0"
"C2302","100~CloneInstance","C348","L103","/home/ahmed/Desktop/FIT4003/extract/src/outputs/gson/gson/gson/src/test/java/com/google/gson/internal/bind/JsonTreeWriterTest.java","158","5","173","6","1","4","35","16","1","0"
"C2678","202~CloneInstance","C482","L103","/home/ahmed/Desktop/FIT4003/extract/src/outputs/gson/gson/gson/src/test/java/com/google/gson/internal/bind/JsonTreeWriterTest.java","159","5","168","6","1","3","33","10","1","0"
"C4405","415~CloneInstance","C1054","L103","/home/ahmed/Desktop/FIT4003/extract/src/outputs/gson/gson/gson/src/main/java/com/google/gson/internal/LinkedHashTreeMap.java","772","5","782","6","1","3","7","11","1","0"
"C3620","266~CloneInstance","C800","L103","/home/ahmed/Desktop/FIT4003/extract/src/outputs/gson/gson/gson/src/main/java/com/google/gson/internal/LinkedHashTreeMap.java","811","5","822","6","1","3","3","12","1","0"
"C4406","416~CloneInstance","C1054","L103","/home/ahmed/Desktop/FIT4003/extract/src/outputs/gson/gson/gson/src/main/java/com/google/gson/internal/LinkedTreeMap.java","538","5","548","6","1","3","7","11","1","0"
"C3621","267~CloneInstance","C800","L103","/home/ahmed/Desktop/FIT4003/extract/src/outputs/gson/gson/gson/src/main/java/com/google/gson/internal/LinkedTreeMap.java","577","5","588","6","1","3","3","12","1","0"
"C3666","272~CloneInstance","C816","L103","/home/ahmed/Desktop/FIT4003/extract/src/outputs/gson/gson/gson/src/main/java/com/google/gson/internal/bind/TypeAdapters.java","219","5","230","6","1","3","19","12","1","0"
"C3667","273~CloneInstance","C816","L103","/home/ahmed/Desktop/FIT4003/extract/src/outputs/gson/gson/gson/src/main/java/com/google/gson/internal/bind/TypeAdapters.java","297","5","308","6","1","3","19","12","1","0"
"C3668","275~CloneInstance","C817","L103","/home/ahmed/Desktop/FIT4003/extract/src/outputs/gson/gson/gson/src/main/java/com/google/gson/internal/bind/TypeAdapters.java","411","5","421","6","1","3","19","11","1","0"
"C3669","276~CloneInstance","C817","L103","/home/ahmed/Desktop/FIT4003/extract/src/outputs/gson/gson/gson/src/main/java/com/google/gson/internal/bind/TypeAdapters.java","429","5","439","6","1","3","19","11","1","0"
"C4384","404~CloneInstance","C1043","L103","/home/ahmed/Desktop/FIT4003/extract/src/outputs/gson/gson/gson/src/main/java/com/google/gson/internal/bind/util/ISO8601Utils.java","67","5","106","6","1","6","11","40","1","1"
"C1206","5~CloneInstance","C124","L103","/home/ahmed/Desktop/FIT4003/extract/src/outputs/gson/gson/gson/src/main/java/com/google/gson/internal/bind/util/ISO8601Utils.java","248","13","259","39","1","1","10","12","1","0"
"C4386","407~CloneInstance","C1044","L103","/home/ahmed/Desktop/FIT4003/extract/src/outputs/gson/gson/gson/src/main/java/com/google/gson/internal/bind/util/ISO8601Utils.java","126","13","146","34","1","3","58","21","1","0"
"C4373","398~CloneInstance","C1038","L103","/home/ahmed/Desktop/FIT4003/extract/src/outputs/gson/gson/gson/src/test/java/com/google/gson/common/TestTypes.java","127","5","136","6","1","1","68","10","1","0"
"C3617","261~CloneInstance","C798","L103","/home/ahmed/Desktop/FIT4003/extract/src/outputs/gson/gson/gson/src/test/java/com/google/gson/common/TestTypes.java","138","5","147","6","1","3","5","10","1","0"
"C3619","264~CloneInstance","C799","L103","/home/ahmed/Desktop/FIT4003/extract/src/outputs/gson/gson/gson/src/test/java/com/google/gson/common/TestTypes.java","149","5","170","6","1","10","6","22","1","0"
"C3401","226~CloneInstance","C708","L103","/home/ahmed/Desktop/FIT4003/extract/src/outputs/gson/gson/gson/src/test/java/com/google/gson/functional/JsonAdapterAnnotationOnFieldsTest.java","122","5","133","6","1","1","69","12","1","0"
"C2325","102~CloneInstance","C359","L103","/home/ahmed/Desktop/FIT4003/extract/src/outputs/gson/gson/gson/src/test/java/com/google/gson/functional/ParameterizedTypesTest.java","309","7","327","8","1","5","18","19","1","0"
"C2326","103~CloneInstance","C359","L103","/home/ahmed/Desktop/FIT4003/extract/src/outputs/gson/gson/gson/src/test/java/com/google/gson/functional/ParameterizedTypesTest.java","329","7","347","8","1","5","18","19","1","0"
"C2625","159~CloneInstance","C468","L103","/home/ahmed/Desktop/FIT4003/extract/src/outputs/gson/gson/gson/src/test/java/com/google/gson/functional/ParameterizedTypesTest.java","427","7","440","8","1","7","8","14","1","0"
"C2626","160~CloneInstance","C468","L103","/home/ahmed/Desktop/FIT4003/extract/src/outputs/gson/gson/gson/src/test/java/com/google/gson/functional/ParameterizedTypesTest.java","441","7","454","8","1","7","8","14","1","0"
"C4403","412~CloneInstance","C1053","L103","/home/ahmed/Desktop/FIT4003/extract/src/outputs/gson/gson/gson/src/test/java/com/google/gson/functional/RuntimeTypeAdapterFactoryFunctionalTest.java","126","5","136","6","1","3","8","11","1","0"
"C4431","418~CloneInstance","C1066","L103","/home/ahmed/Desktop/FIT4003/extract/src/outputs/gson/gson/gson/src/test/java/com/google/gson/functional/RuntimeTypeAdapterFactoryFunctionalTest.java","150","7","162","8","1","3","59","13","1","0"
"C3402","227~CloneInstance","C708","L103","/home/ahmed/Desktop/FIT4003/extract/src/outputs/gson/gson/gson/src/test/java/com/google/gson/functional/JsonAdapterAnnotationOnClassesTest.java","166","7","177","8","1","1","69","12","1","0"
"C3448","229~CloneInstance","C720","L103","/home/ahmed/Desktop/FIT4003/extract/src/outputs/gson/gson/gson/src/test/java/com/google/gson/functional/RuntimeTypeAdapterFactoryFunctionalTest.java","165","9","180","10","1","3","96","16","1","0"
"C2991","214~CloneInstance","C572","L103","/home/ahmed/Desktop/FIT4003/extract/src/outputs/gson/gson/metrics/src/main/java/com/google/gson/metrics/ParseBenchmark.java","152","9","163","17","1","5","112","12","1","1"
"C2992","215~CloneInstance","C572","L103","/home/ahmed/Desktop/FIT4003/extract/src/outputs/gson/gson/metrics/src/main/java/com/google/gson/metrics/ParseBenchmark.java","164","9","175","17","1","5","112","12","1","1"
