"ID","Name","LongName","Parent","McCC","CLOC","PDA","PUA","LLOC","LOC"
"L124","DefaultDateTypeAdapter.java","/home/ahmed/Desktop/FIT4003/extract/src/outputs/gson/gson/gson/src/main/java/com/google/gson/DefaultDateTypeAdapter.java","L123","20","0","0","0","119","166"
"L125","ExclusionStrategy.java","/home/ahmed/Desktop/FIT4003/extract/src/outputs/gson/gson/gson/src/main/java/com/google/gson/ExclusionStrategy.java","L123","1","0","3","0","5","110"
"L126","FieldAttributes.java","/home/ahmed/Desktop/FIT4003/extract/src/outputs/gson/gson/gson/src/main/java/com/google/gson/FieldAttributes.java","L123","1","0","9","0","41","162"
"L127","FieldNamingPolicy.java","/home/ahmed/Desktop/FIT4003/extract/src/outputs/gson/gson/gson/src/main/java/com/google/gson/FieldNamingPolicy.java","L123","8","0","1","0","60","179"
"L128","FieldNamingStrategy.java","/home/ahmed/Desktop/FIT4003/extract/src/outputs/gson/gson/gson/src/main/java/com/google/gson/FieldNamingStrategy.java","L123","1","0","2","0","5","41"
"L129","Gson.java","/home/ahmed/Desktop/FIT4003/extract/src/outputs/gson/gson/gson/src/main/java/com/google/gson/Gson.java","L123","52","0","25","5","559","1041"
"L130","GsonBuilder.java","/home/ahmed/Desktop/FIT4003/extract/src/outputs/gson/gson/gson/src/main/java/com/google/gson/GsonBuilder.java","L123","18","0","26","0","218","628"
"L131","InstanceCreator.java","/home/ahmed/Desktop/FIT4003/extract/src/outputs/gson/gson/gson/src/main/java/com/google/gson/InstanceCreator.java","L123","1","0","2","0","5","93"
"L132","JsonArray.java","/home/ahmed/Desktop/FIT4003/extract/src/outputs/gson/gson/gson/src/main/java/com/google/gson/JsonArray.java","L123","22","0","26","5","160","385"
"L133","JsonDeserializationContext.java","/home/ahmed/Desktop/FIT4003/extract/src/outputs/gson/gson/gson/src/main/java/com/google/gson/JsonDeserializationContext.java","L123","1","0","2","0","5","44"
"L134","JsonDeserializer.java","/home/ahmed/Desktop/FIT4003/extract/src/outputs/gson/gson/gson/src/main/java/com/google/gson/JsonDeserializer.java","L123","1","0","2","0","6","92"
"L135","JsonElement.java","/home/ahmed/Desktop/FIT4003/extract/src/outputs/gson/gson/gson/src/main/java/com/google/gson/JsonElement.java","L123","6","0","23","0","95","323"
"L136","JsonIOException.java","/home/ahmed/Desktop/FIT4003/extract/src/outputs/gson/gson/gson/src/main/java/com/google/gson/JsonIOException.java","L123","1","0","2","2","13","46"
"L137","JsonNull.java","/home/ahmed/Desktop/FIT4003/extract/src/outputs/gson/gson/gson/src/main/java/com/google/gson/JsonNull.java","L123","2","0","5","0","19","68"
"L138","JsonObject.java","/home/ahmed/Desktop/FIT4003/extract/src/outputs/gson/gson/gson/src/main/java/com/google/gson/JsonObject.java","L123","9","0","16","2","67","206"
"L139","JsonParseException.java","/home/ahmed/Desktop/FIT4003/extract/src/outputs/gson/gson/gson/src/main/java/com/google/gson/JsonParseException.java","L123","1","0","4","0","13","65"
"L140","JsonParser.java","/home/ahmed/Desktop/FIT4003/extract/src/outputs/gson/gson/gson/src/main/java/com/google/gson/JsonParser.java","L123","8","0","8","0","57","113"
"L141","JsonPrimitive.java","/home/ahmed/Desktop/FIT4003/extract/src/outputs/gson/gson/gson/src/main/java/com/google/gson/JsonPrimitive.java","L123","31","0","19","4","136","296"
"L142","JsonSerializationContext.java","/home/ahmed/Desktop/FIT4003/extract/src/outputs/gson/gson/gson/src/main/java/com/google/gson/JsonSerializationContext.java","L123","1","0","3","0","6","50"
"L143","JsonSerializer.java","/home/ahmed/Desktop/FIT4003/extract/src/outputs/gson/gson/gson/src/main/java/com/google/gson/JsonSerializer.java","L123","1","0","2","0","5","90"
"L144","JsonStreamParser.java","/home/ahmed/Desktop/FIT4003/extract/src/outputs/gson/gson/gson/src/main/java/com/google/gson/JsonStreamParser.java","L123","8","0","6","0","51","123"
"L145","JsonSyntaxException.java","/home/ahmed/Desktop/FIT4003/extract/src/outputs/gson/gson/gson/src/main/java/com/google/gson/JsonSyntaxException.java","L123","1","0","2","2","13","48"
"L146","LongSerializationPolicy.java","/home/ahmed/Desktop/FIT4003/extract/src/outputs/gson/gson/gson/src/main/java/com/google/gson/LongSerializationPolicy.java","L123","1","0","2","0","14","59"
"L147","package-info.java","/home/ahmed/Desktop/FIT4003/extract/src/outputs/gson/gson/gson/src/main/java/com/google/gson/package-info.java","L123","1","0","0","0","1","11"
"L148","TypeAdapter.java","/home/ahmed/Desktop/FIT4003/extract/src/outputs/gson/gson/gson/src/main/java/com/google/gson/TypeAdapter.java","L123","6","0","10","0","70","291"
"L149","TypeAdapterFactory.java","/home/ahmed/Desktop/FIT4003/extract/src/outputs/gson/gson/gson/src/main/java/com/google/gson/TypeAdapterFactory.java","L123","1","0","2","0","5","171"
"L1833","$Gson$Preconditions.java","/home/ahmed/Desktop/FIT4003/extract/src/outputs/gson/gson/gson/src/main/java/com/google/gson/internal/$Gson$Preconditions.java","L1832","3","0","1","2","17","50"
"L1834","$Gson$Types.java","/home/ahmed/Desktop/FIT4003/extract/src/outputs/gson/gson/gson/src/main/java/com/google/gson/internal/$Gson$Types.java","L1832","87","0","10","3","410","611"
"L1835","ConstructorConstructor.java","/home/ahmed/Desktop/FIT4003/extract/src/outputs/gson/gson/gson/src/main/java/com/google/gson/internal/ConstructorConstructor.java","L1832","24","0","1","3","192","239"
"L1836","Excluder.java","/home/ahmed/Desktop/FIT4003/extract/src/outputs/gson/gson/gson/src/main/java/com/google/gson/internal/Excluder.java","L1832","44","0","1","8","194","261"
"L1837","JavaVersion.java","/home/ahmed/Desktop/FIT4003/extract/src/outputs/gson/gson/gson/src/main/java/com/google/gson/internal/JavaVersion.java","L1832","9","0","3","0","54","93"
"L1838","JsonReaderInternalAccess.java","/home/ahmed/Desktop/FIT4003/extract/src/outputs/gson/gson/gson/src/main/java/com/google/gson/internal/JsonReaderInternalAccess.java","L1832","1","0","2","0","7","33"
"L1839","LazilyParsedNumber.java","/home/ahmed/Desktop/FIT4003/extract/src/outputs/gson/gson/gson/src/main/java/com/google/gson/internal/LazilyParsedNumber.java","L1832","7","0","2","7","59","97"
"L1840","LinkedHashTreeMap.java","/home/ahmed/Desktop/FIT4003/extract/src/outputs/gson/gson/gson/src/main/java/com/google/gson/internal/LinkedHashTreeMap.java","L1832","102","0","3","8","593","865"
"L1841","LinkedTreeMap.java","/home/ahmed/Desktop/FIT4003/extract/src/outputs/gson/gson/gson/src/main/java/com/google/gson/internal/LinkedTreeMap.java","L1832","80","0","3","8","441","631"
"L1842","ObjectConstructor.java","/home/ahmed/Desktop/FIT4003/extract/src/outputs/gson/gson/gson/src/main/java/com/google/gson/internal/ObjectConstructor.java","L1832","1","0","2","0","4","33"
"L1843","package-info.java","/home/ahmed/Desktop/FIT4003/extract/src/outputs/gson/gson/gson/src/main/java/com/google/gson/internal/package-info.java","L1832","1","0","0","0","1","7"
"L1844","PreJava9DateFormatProvider.java","/home/ahmed/Desktop/FIT4003/extract/src/outputs/gson/gson/gson/src/main/java/com/google/gson/internal/PreJava9DateFormatProvider.java","L1832","13","0","3","0","54","87"
"L1845","Primitives.java","/home/ahmed/Desktop/FIT4003/extract/src/outputs/gson/gson/gson/src/main/java/com/google/gson/internal/Primitives.java","L1832","28","0","5","0","45","101"
"L1846","Streams.java","/home/ahmed/Desktop/FIT4003/extract/src/outputs/gson/gson/gson/src/main/java/com/google/gson/internal/Streams.java","L1832","7","0","3","1","71","121"
"L1847","UnsafeAllocator.java","/home/ahmed/Desktop/FIT4003/extract/src/outputs/gson/gson/gson/src/main/java/com/google/gson/internal/UnsafeAllocator.java","L1832","6","0","1","2","74","124"
"L5427","Expose.java","/home/ahmed/Desktop/FIT4003/extract/src/outputs/gson/gson/gson/src/main/java/com/google/gson/annotations/Expose.java","L5426","1","0","3","0","13","82"
"L5428","JsonAdapter.java","/home/ahmed/Desktop/FIT4003/extract/src/outputs/gson/gson/gson/src/main/java/com/google/gson/annotations/JsonAdapter.java","L5426","1","0","1","0","15","105"
"L5429","package-info.java","/home/ahmed/Desktop/FIT4003/extract/src/outputs/gson/gson/gson/src/main/java/com/google/gson/annotations/package-info.java","L5426","1","0","0","0","1","6"
"L5430","SerializedName.java","/home/ahmed/Desktop/FIT4003/extract/src/outputs/gson/gson/gson/src/main/java/com/google/gson/annotations/SerializedName.java","L5426","1","0","1","0","13","94"
"L5431","Since.java","/home/ahmed/Desktop/FIT4003/extract/src/outputs/gson/gson/gson/src/main/java/com/google/gson/annotations/Since.java","L5426","1","0","1","0","12","64"
"L5432","Until.java","/home/ahmed/Desktop/FIT4003/extract/src/outputs/gson/gson/gson/src/main/java/com/google/gson/annotations/Until.java","L5426","1","0","1","0","12","69"
"L6574","package-info.java","/home/ahmed/Desktop/FIT4003/extract/src/outputs/gson/gson/gson/src/main/java/com/google/gson/reflect/package-info.java","L6573","1","0","0","0","1","6"
"L6575","TypeToken.java","/home/ahmed/Desktop/FIT4003/extract/src/outputs/gson/gson/gson/src/main/java/com/google/gson/reflect/TypeToken.java","L6573","28","0","10","3","176","321"
"L6741","JsonReader.java","/home/ahmed/Desktop/FIT4003/extract/src/outputs/gson/gson/gson/src/main/java/com/google/gson/stream/JsonReader.java","L6740","322","0","20","1","1072","1614"
"L6742","JsonScope.java","/home/ahmed/Desktop/FIT4003/extract/src/outputs/gson/gson/gson/src/main/java/com/google/gson/stream/JsonScope.java","L6740","1","0","0","0","11","72"
"L6743","JsonToken.java","/home/ahmed/Desktop/FIT4003/extract/src/outputs/gson/gson/gson/src/main/java/com/google/gson/stream/JsonToken.java","L6740","1","0","1","0","13","86"
"L6744","JsonWriter.java","/home/ahmed/Desktop/FIT4003/extract/src/outputs/gson/gson/gson/src/main/java/com/google/gson/stream/JsonWriter.java","L6740","50","0","24","0","318","659"
"L6745","MalformedJsonException.java","/home/ahmed/Desktop/FIT4003/extract/src/outputs/gson/gson/gson/src/main/java/com/google/gson/stream/MalformedJsonException.java","L6740","1","0","1","3","15","45"
"L2109","ArrayTypeAdapter.java","/home/ahmed/Desktop/FIT4003/extract/src/outputs/gson/gson/gson/src/main/java/com/google/gson/internal/bind/ArrayTypeAdapter.java","L2108","9","0","1","3","69","100"
"L2110","CollectionTypeAdapterFactory.java","/home/ahmed/Desktop/FIT4003/extract/src/outputs/gson/gson/gson/src/main/java/com/google/gson/internal/bind/CollectionTypeAdapterFactory.java","L2108","6","0","1","2","70","103"
"L2111","DateTypeAdapter.java","/home/ahmed/Desktop/FIT4003/extract/src/outputs/gson/gson/gson/src/main/java/com/google/gson/internal/bind/DateTypeAdapter.java","L2108","9","0","1","3","65","102"
"L2112","JsonAdapterAnnotationTypeAdapterFactory.java","/home/ahmed/Desktop/FIT4003/extract/src/outputs/gson/gson/gson/src/main/java/com/google/gson/internal/bind/JsonAdapterAnnotationTypeAdapterFactory.java","L2108","10","0","1","2","53","84"
"L2113","JsonTreeReader.java","/home/ahmed/Desktop/FIT4003/extract/src/outputs/gson/gson/gson/src/main/java/com/google/gson/internal/bind/JsonTreeReader.java","L2108","45","0","1","19","254","317"
"L2114","JsonTreeWriter.java","/home/ahmed/Desktop/FIT4003/extract/src/outputs/gson/gson/gson/src/main/java/com/google/gson/internal/bind/JsonTreeWriter.java","L2108","26","0","2","15","157","209"
"L2115","MapTypeAdapterFactory.java","/home/ahmed/Desktop/FIT4003/extract/src/outputs/gson/gson/gson/src/main/java/com/google/gson/internal/bind/MapTypeAdapterFactory.java","L2108","23","0","1","2","160","265"
"L2116","ObjectTypeAdapter.java","/home/ahmed/Desktop/FIT4003/extract/src/outputs/gson/gson/gson/src/main/java/com/google/gson/internal/bind/ObjectTypeAdapter.java","L2108","12","0","1","2","74","110"
"L2117","ReflectiveTypeAdapterFactory.java","/home/ahmed/Desktop/FIT4003/extract/src/outputs/gson/gson/gson/src/main/java/com/google/gson/internal/bind/ReflectiveTypeAdapterFactory.java","L2108","31","0","1","6","209","255"
"L2118","SqlDateTypeAdapter.java","/home/ahmed/Desktop/FIT4003/extract/src/outputs/gson/gson/gson/src/main/java/com/google/gson/internal/bind/SqlDateTypeAdapter.java","L2108","5","0","1","2","40","68"
"L2119","TimeTypeAdapter.java","/home/ahmed/Desktop/FIT4003/extract/src/outputs/gson/gson/gson/src/main/java/com/google/gson/internal/bind/TimeTypeAdapter.java","L2108","5","0","1","2","39","67"
"L2120","TreeTypeAdapter.java","/home/ahmed/Desktop/FIT4003/extract/src/outputs/gson/gson/gson/src/main/java/com/google/gson/internal/bind/TreeTypeAdapter.java","L2108","13","0","4","3","117","166"
"L2121","TypeAdapterRuntimeTypeWrapper.java","/home/ahmed/Desktop/FIT4003/extract/src/outputs/gson/gson/gson/src/main/java/com/google/gson/internal/bind/TypeAdapterRuntimeTypeWrapper.java","L2108","8","0","0","0","47","83"
"L2122","TypeAdapters.java","/home/ahmed/Desktop/FIT4003/extract/src/outputs/gson/gson/gson/src/main/java/com/google/gson/internal/bind/TypeAdapters.java","L2108","113","0","2","4","807","908"
"L5017","PreJava9ReflectionAccessor.java","/home/ahmed/Desktop/FIT4003/extract/src/outputs/gson/gson/gson/src/main/java/com/google/gson/internal/reflect/PreJava9ReflectionAccessor.java","L5016","1","0","0","0","8","34"
"L5018","ReflectionAccessor.java","/home/ahmed/Desktop/FIT4003/extract/src/outputs/gson/gson/gson/src/main/java/com/google/gson/internal/reflect/ReflectionAccessor.java","L5016","1","0","3","0","10","55"
"L5019","UnsafeReflectionAccessor.java","/home/ahmed/Desktop/FIT4003/extract/src/outputs/gson/gson/gson/src/main/java/com/google/gson/internal/reflect/UnsafeReflectionAccessor.java","L5016","8","0","0","0","54","87"
"L3766","ISO8601Utils.java","/home/ahmed/Desktop/FIT4003/extract/src/outputs/gson/gson/gson/src/main/java/com/google/gson/internal/bind/util/ISO8601Utils.java","L3765","49","0","5","0","204","353"
"L1831","GsonBuildConfig.java","/home/ahmed/Desktop/FIT4003/extract/src/outputs/gson/gson/gson/src/main/java-templates/com/google/gson/internal/GsonBuildConfig.java","L1830","1","0","1","0","5","33"
"L155","CommentsTest.java","/home/ahmed/Desktop/FIT4003/extract/src/outputs/gson/gson/gson/src/test/java/com/google/gson/CommentsTest.java","L154","1","0","2","0","19","46"
"L156","DefaultDateTypeAdapterTest.java","/home/ahmed/Desktop/FIT4003/extract/src/outputs/gson/gson/gson/src/test/java/com/google/gson/DefaultDateTypeAdapterTest.java","L154","10","0","1","11","163","206"
"L157","DefaultInetAddressTypeAdapterTest.java","/home/ahmed/Desktop/FIT4003/extract/src/outputs/gson/gson/gson/src/test/java/com/google/gson/DefaultInetAddressTypeAdapterTest.java","L154","1","0","1","1","18","46"
"L158","DefaultMapJsonSerializerTest.java","/home/ahmed/Desktop/FIT4003/extract/src/outputs/gson/gson/gson/src/test/java/com/google/gson/DefaultMapJsonSerializerTest.java","L154","1","0","1","3","35","65"
"L159","ExposeAnnotationExclusionStrategyTest.java","/home/ahmed/Desktop/FIT4003/extract/src/outputs/gson/gson/gson/src/test/java/com/google/gson/ExposeAnnotationExclusionStrategyTest.java","L154","1","0","1","6","52","90"
"L160","FieldAttributesTest.java","/home/ahmed/Desktop/FIT4003/extract/src/outputs/gson/gson/gson/src/test/java/com/google/gson/FieldAttributesTest.java","L154","2","0","1","6","48","84"
"L161","GenericArrayTypeTest.java","/home/ahmed/Desktop/FIT4003/extract/src/outputs/gson/gson/gson/src/test/java/com/google/gson/GenericArrayTypeTest.java","L154","1","0","1","2","27","58"
"L162","GsonBuilderTest.java","/home/ahmed/Desktop/FIT4003/extract/src/outputs/gson/gson/gson/src/test/java/com/google/gson/GsonBuilderTest.java","L154","2","0","1","4","56","88"
"L163","GsonTest.java","/home/ahmed/Desktop/FIT4003/extract/src/outputs/gson/gson/gson/src/test/java/com/google/gson/GsonTest.java","L154","1","0","1","2","48","81"
"L164","GsonTypeAdapterTest.java","/home/ahmed/Desktop/FIT4003/extract/src/outputs/gson/gson/gson/src/test/java/com/google/gson/GsonTypeAdapterTest.java","L154","6","0","2","4","108","149"
"L165","InnerClassExclusionStrategyTest.java","/home/ahmed/Desktop/FIT4003/extract/src/outputs/gson/gson/gson/src/test/java/com/google/gson/InnerClassExclusionStrategyTest.java","L154","1","0","1","4","29","59"
"L166","JavaSerializationTest.java","/home/ahmed/Desktop/FIT4003/extract/src/outputs/gson/gson/gson/src/test/java/com/google/gson/JavaSerializationTest.java","L154","1","0","1","3","47","76"
"L167","JsonArrayTest.java","/home/ahmed/Desktop/FIT4003/extract/src/outputs/gson/gson/gson/src/test/java/com/google/gson/JsonArrayTest.java","L154","3","0","1","5","67","103"
"L168","JsonNullTest.java","/home/ahmed/Desktop/FIT4003/extract/src/outputs/gson/gson/gson/src/test/java/com/google/gson/JsonNullTest.java","L154","1","0","1","2","17","41"
"L169","JsonObjectTest.java","/home/ahmed/Desktop/FIT4003/extract/src/outputs/gson/gson/gson/src/test/java/com/google/gson/JsonObjectTest.java","L154","2","0","4","11","128","202"
"L170","JsonParserTest.java","/home/ahmed/Desktop/FIT4003/extract/src/outputs/gson/gson/gson/src/test/java/com/google/gson/JsonParserTest.java","L154","3","0","1","10","82","120"
"L171","JsonPrimitiveTest.java","/home/ahmed/Desktop/FIT4003/extract/src/outputs/gson/gson/gson/src/test/java/com/google/gson/JsonPrimitiveTest.java","L154","6","0","1","25","206","272"
"L172","JsonStreamParserTest.java","/home/ahmed/Desktop/FIT4003/extract/src/outputs/gson/gson/gson/src/test/java/com/google/gson/JsonStreamParserTest.java","L154","2","0","1","4","44","75"
"L173","LongSerializationPolicyTest.java","/home/ahmed/Desktop/FIT4003/extract/src/outputs/gson/gson/gson/src/test/java/com/google/gson/LongSerializationPolicyTest.java","L154","1","0","1","4","34","65"
"L174","MixedStreamTest.java","/home/ahmed/Desktop/FIT4003/extract/src/outputs/gson/gson/gson/src/test/java/com/google/gson/MixedStreamTest.java","L154","11","0","0","13","190","240"
"L175","MockExclusionStrategy.java","/home/ahmed/Desktop/FIT4003/extract/src/outputs/gson/gson/gson/src/test/java/com/google/gson/MockExclusionStrategy.java","L154","1","0","0","0","17","44"
"L176","ObjectTypeAdapterTest.java","/home/ahmed/Desktop/FIT4003/extract/src/outputs/gson/gson/gson/src/test/java/com/google/gson/ObjectTypeAdapterTest.java","L154","1","0","0","6","39","64"
"L177","OverrideCoreTypeAdaptersTest.java","/home/ahmed/Desktop/FIT4003/extract/src/outputs/gson/gson/gson/src/test/java/com/google/gson/OverrideCoreTypeAdaptersTest.java","L154","2","0","1","3","52","78"
"L178","ParameterizedTypeFixtures.java","/home/ahmed/Desktop/FIT4003/extract/src/outputs/gson/gson/gson/src/test/java/com/google/gson/ParameterizedTypeFixtures.java","L154","21","0","2","12","129","178"
"L179","ParameterizedTypeTest.java","/home/ahmed/Desktop/FIT4003/extract/src/outputs/gson/gson/gson/src/test/java/com/google/gson/ParameterizedTypeTest.java","L154","1","0","1","2","28","58"
"L180","PrimitiveTypeAdapter.java","/home/ahmed/Desktop/FIT4003/extract/src/outputs/gson/gson/gson/src/test/java/com/google/gson/PrimitiveTypeAdapter.java","L154","12","0","0","0","45","74"
"L181","VersionExclusionStrategyTest.java","/home/ahmed/Desktop/FIT4003/extract/src/outputs/gson/gson/gson/src/test/java/com/google/gson/VersionExclusionStrategyTest.java","L154","1","0","1","3","27","56"
"L1849","GsonBuildConfigTest.java","/home/ahmed/Desktop/FIT4003/extract/src/outputs/gson/gson/gson/src/test/java/com/google/gson/internal/GsonBuildConfigTest.java","L1848","1","0","1","1","9","34"
"L1850","GsonTypesTest.java","/home/ahmed/Desktop/FIT4003/extract/src/outputs/gson/gson/gson/src/test/java/com/google/gson/internal/GsonTypesTest.java","L1848","4","0","1","3","39","75"
"L1851","JavaVersionTest.java","/home/ahmed/Desktop/FIT4003/extract/src/outputs/gson/gson/gson/src/test/java/com/google/gson/internal/JavaVersionTest.java","L1848","1","0","2","6","45","82"
"L1852","LazilyParsedNumberTest.java","/home/ahmed/Desktop/FIT4003/extract/src/outputs/gson/gson/gson/src/test/java/com/google/gson/internal/LazilyParsedNumberTest.java","L1848","1","0","0","3","14","33"
"L1853","LinkedHashTreeMapTest.java","/home/ahmed/Desktop/FIT4003/extract/src/outputs/gson/gson/gson/src/test/java/com/google/gson/internal/LinkedHashTreeMapTest.java","L1848","20","0","1","15","239","291"
"L1854","LinkedTreeMapTest.java","/home/ahmed/Desktop/FIT4003/extract/src/outputs/gson/gson/gson/src/test/java/com/google/gson/internal/LinkedTreeMapTest.java","L1848","6","0","0","12","114","151"
"L1855","UnsafeAllocatorInstantiationTest.java","/home/ahmed/Desktop/FIT4003/extract/src/outputs/gson/gson/gson/src/test/java/com/google/gson/internal/UnsafeAllocatorInstantiationTest.java","L1848","4","0","4","3","36","75"
"L6577","TypeTokenTest.java","/home/ahmed/Desktop/FIT4003/extract/src/outputs/gson/gson/gson/src/test/java/com/google/gson/reflect/TypeTokenTest.java","L6576","1","0","1","6","64","106"
"L6747","JsonReaderPathTest.java","/home/ahmed/Desktop/FIT4003/extract/src/outputs/gson/gson/gson/src/test/java/com/google/gson/stream/JsonReaderPathTest.java","L6746","1","0","0","12","212","258"
"L6748","JsonReaderTest.java","/home/ahmed/Desktop/FIT4003/extract/src/outputs/gson/gson/gson/src/test/java/com/google/gson/stream/JsonReaderTest.java","L6746","107","0","6","119","1558","1789"
"L6749","JsonWriterTest.java","/home/ahmed/Desktop/FIT4003/extract/src/outputs/gson/gson/gson/src/test/java/com/google/gson/stream/JsonWriterTest.java","L6746","27","0","0","40","581","649"
"L7458","MoreAsserts.java","/home/ahmed/Desktop/FIT4003/extract/src/outputs/gson/gson/gson/src/test/java/com/google/gson/common/MoreAsserts.java","L7457","3","0","2","1","20","53"
"L7459","TestTypes.java","/home/ahmed/Desktop/FIT4003/extract/src/outputs/gson/gson/gson/src/test/java/com/google/gson/common/TestTypes.java","L7457","22","0","2","66","342","422"
"L7824","ArrayTest.java","/home/ahmed/Desktop/FIT4003/extract/src/outputs/gson/gson/gson/src/test/java/com/google/gson/functional/ArrayTest.java","L7823","5","0","5","22","198","269"
"L7825","CircularReferenceTest.java","/home/ahmed/Desktop/FIT4003/extract/src/outputs/gson/gson/gson/src/test/java/com/google/gson/functional/CircularReferenceTest.java","L7823","4","0","1","6","89","127"
"L7826","CollectionTest.java","/home/ahmed/Desktop/FIT4003/extract/src/outputs/gson/gson/gson/src/test/java/com/google/gson/functional/CollectionTest.java","L7823","12","0","1","29","342","417"
"L7827","ConcurrencyTest.java","/home/ahmed/Desktop/FIT4003/extract/src/outputs/gson/gson/gson/src/test/java/com/google/gson/functional/ConcurrencyTest.java","L7823","9","0","5","0","91","141"
"L7828","CustomDeserializerTest.java","/home/ahmed/Desktop/FIT4003/extract/src/outputs/gson/gson/gson/src/test/java/com/google/gson/functional/CustomDeserializerTest.java","L7823","1","0","1","7","159","213"
"L7829","CustomSerializerTest.java","/home/ahmed/Desktop/FIT4003/extract/src/outputs/gson/gson/gson/src/test/java/com/google/gson/functional/CustomSerializerTest.java","L7823","2","0","1","5","71","103"
"L7830","CustomTypeAdaptersTest.java","/home/ahmed/Desktop/FIT4003/extract/src/outputs/gson/gson/gson/src/test/java/com/google/gson/functional/CustomTypeAdaptersTest.java","L7823","8","0","8","20","386","466"
"L7831","DefaultTypeAdaptersTest.java","/home/ahmed/Desktop/FIT4003/extract/src/outputs/gson/gson/gson/src/test/java/com/google/gson/functional/DefaultTypeAdaptersTest.java","L7823","10","0","4","62","631","749"
"L7832","DelegateTypeAdapterTest.java","/home/ahmed/Desktop/FIT4003/extract/src/outputs/gson/gson/gson/src/test/java/com/google/gson/functional/DelegateTypeAdapterTest.java","L7823","2","0","1","2","61","95"
"L7833","EnumTest.java","/home/ahmed/Desktop/FIT4003/extract/src/outputs/gson/gson/gson/src/test/java/com/google/gson/functional/EnumTest.java","L7823","1","0","2","14","163","217"
"L7834","EscapingTest.java","/home/ahmed/Desktop/FIT4003/extract/src/outputs/gson/gson/gson/src/test/java/com/google/gson/functional/EscapingTest.java","L7823","1","0","1","5","59","93"
"L7835","ExclusionStrategyFunctionalTest.java","/home/ahmed/Desktop/FIT4003/extract/src/outputs/gson/gson/gson/src/test/java/com/google/gson/functional/ExclusionStrategyFunctionalTest.java","L7823","2","0","1","9","149","203"
"L7836","ExposeFieldsTest.java","/home/ahmed/Desktop/FIT4003/extract/src/outputs/gson/gson/gson/src/test/java/com/google/gson/functional/ExposeFieldsTest.java","L7823","2","0","1","8","115","170"
"L7837","FieldExclusionTest.java","/home/ahmed/Desktop/FIT4003/extract/src/outputs/gson/gson/gson/src/test/java/com/google/gson/functional/FieldExclusionTest.java","L7823","1","0","1","3","55","93"
"L7838","FieldNamingTest.java","/home/ahmed/Desktop/FIT4003/extract/src/outputs/gson/gson/gson/src/test/java/com/google/gson/functional/FieldNamingTest.java","L7823","1","0","0","6","65","91"
"L7839","GsonVersionDiagnosticsTest.java","/home/ahmed/Desktop/FIT4003/extract/src/outputs/gson/gson/gson/src/test/java/com/google/gson/functional/GsonVersionDiagnosticsTest.java","L7823","4","0","1","4","62","97"
"L7840","InheritanceTest.java","/home/ahmed/Desktop/FIT4003/extract/src/outputs/gson/gson/gson/src/test/java/com/google/gson/functional/InheritanceTest.java","L7823","17","0","1","13","226","278"
"L7841","InstanceCreatorTest.java","/home/ahmed/Desktop/FIT4003/extract/src/outputs/gson/gson/gson/src/test/java/com/google/gson/functional/InstanceCreatorTest.java","L7823","1","0","2","4","91","128"
"L7842","InterfaceTest.java","/home/ahmed/Desktop/FIT4003/extract/src/outputs/gson/gson/gson/src/test/java/com/google/gson/functional/InterfaceTest.java","L7823","1","0","1","2","37","73"
"L7843","InternationalizationTest.java","/home/ahmed/Desktop/FIT4003/extract/src/outputs/gson/gson/gson/src/test/java/com/google/gson/functional/InternationalizationTest.java","L7823","1","0","2","3","33","72"
"L7844","JavaUtilConcurrentAtomicTest.java","/home/ahmed/Desktop/FIT4003/extract/src/outputs/gson/gson/gson/src/test/java/com/google/gson/functional/JavaUtilConcurrentAtomicTest.java","L7823","1","0","1","7","78","111"
"L7845","JavaUtilTest.java","/home/ahmed/Desktop/FIT4003/extract/src/outputs/gson/gson/gson/src/test/java/com/google/gson/functional/JavaUtilTest.java","L7823","1","0","1","2","33","63"
"L7846","JsonAdapterAnnotationOnClassesTest.java","/home/ahmed/Desktop/FIT4003/extract/src/outputs/gson/gson/gson/src/test/java/com/google/gson/functional/JsonAdapterAnnotationOnClassesTest.java","L7823","3","0","3","7","209","264"
"L7847","JsonAdapterAnnotationOnFieldsTest.java","/home/ahmed/Desktop/FIT4003/extract/src/outputs/gson/gson/gson/src/test/java/com/google/gson/functional/JsonAdapterAnnotationOnFieldsTest.java","L7823","3","0","3","8","250","307"
"L7848","JsonAdapterSerializerDeserializerTest.java","/home/ahmed/Desktop/FIT4003/extract/src/outputs/gson/gson/gson/src/test/java/com/google/gson/functional/JsonAdapterSerializerDeserializerTest.java","L7823","1","0","1","3","125","165"
"L7849","JsonArrayTest.java","/home/ahmed/Desktop/FIT4003/extract/src/outputs/gson/gson/gson/src/test/java/com/google/gson/functional/JsonArrayTest.java","L7823","1","0","1","8","104","163"
"L7850","JsonParserTest.java","/home/ahmed/Desktop/FIT4003/extract/src/outputs/gson/gson/gson/src/test/java/com/google/gson/functional/JsonParserTest.java","L7823","6","0","1","8","101","140"
"L7851","JsonTreeTest.java","/home/ahmed/Desktop/FIT4003/extract/src/outputs/gson/gson/gson/src/test/java/com/google/gson/functional/JsonTreeTest.java","L7823","4","0","1","4","73","90"
"L7852","LeniencyTest.java","/home/ahmed/Desktop/FIT4003/extract/src/outputs/gson/gson/gson/src/test/java/com/google/gson/functional/LeniencyTest.java","L7823","1","0","1","1","22","47"
"L7853","MapAsArrayTypeAdapterTest.java","/home/ahmed/Desktop/FIT4003/extract/src/outputs/gson/gson/gson/src/test/java/com/google/gson/functional/MapAsArrayTypeAdapterTest.java","L7823","5","0","0","7","109","142"
"L7854","MapTest.java","/home/ahmed/Desktop/FIT4003/extract/src/outputs/gson/gson/gson/src/test/java/com/google/gson/functional/MapTest.java","L7823","6","0","8","41","518","655"
"L7855","MoreSpecificTypeSerializationTest.java","/home/ahmed/Desktop/FIT4003/extract/src/outputs/gson/gson/gson/src/test/java/com/google/gson/functional/MoreSpecificTypeSerializationTest.java","L7823","1","0","4","3","127","179"
"L7856","NamingPolicyTest.java","/home/ahmed/Desktop/FIT4003/extract/src/outputs/gson/gson/gson/src/test/java/com/google/gson/functional/NamingPolicyTest.java","L7823","2","0","2","15","151","204"
"L7857","NullObjectAndFieldTest.java","/home/ahmed/Desktop/FIT4003/extract/src/outputs/gson/gson/gson/src/test/java/com/google/gson/functional/NullObjectAndFieldTest.java","L7823","2","0","4","15","180","241"
"L7858","ObjectTest.java","/home/ahmed/Desktop/FIT4003/extract/src/outputs/gson/gson/gson/src/test/java/com/google/gson/functional/ObjectTest.java","L7823","9","0","10","36","393","508"
"L7859","ParameterizedTypesTest.java","/home/ahmed/Desktop/FIT4003/extract/src/outputs/gson/gson/gson/src/test/java/com/google/gson/functional/ParameterizedTypesTest.java","L7823","40","0","1","18","416","504"
"L7860","PrettyPrintingTest.java","/home/ahmed/Desktop/FIT4003/extract/src/outputs/gson/gson/gson/src/test/java/com/google/gson/functional/PrettyPrintingTest.java","L7823","3","0","2","7","84","124"
"L7861","PrimitiveCharacterTest.java","/home/ahmed/Desktop/FIT4003/extract/src/outputs/gson/gson/gson/src/test/java/com/google/gson/functional/PrimitiveCharacterTest.java","L7823","1","0","1","2","25","56"
"L7862","PrimitiveTest.java","/home/ahmed/Desktop/FIT4003/extract/src/outputs/gson/gson/gson/src/test/java/com/google/gson/functional/PrimitiveTest.java","L7823","46","0","1","99","680","827"
"L7863","PrintFormattingTest.java","/home/ahmed/Desktop/FIT4003/extract/src/outputs/gson/gson/gson/src/test/java/com/google/gson/functional/PrintFormattingTest.java","L7823","2","0","1","3","51","85"
"L7864","RawSerializationTest.java","/home/ahmed/Desktop/FIT4003/extract/src/outputs/gson/gson/gson/src/test/java/com/google/gson/functional/RawSerializationTest.java","L7823","1","0","1","5","62","102"
"L7865","ReadersWritersTest.java","/home/ahmed/Desktop/FIT4003/extract/src/outputs/gson/gson/gson/src/test/java/com/google/gson/functional/ReadersWritersTest.java","L7823","3","0","1","10","99","136"
"L7866","RuntimeTypeAdapterFactoryFunctionalTest.java","/home/ahmed/Desktop/FIT4003/extract/src/outputs/gson/gson/gson/src/test/java/com/google/gson/functional/RuntimeTypeAdapterFactoryFunctionalTest.java","L7823","14","0","2","1","139","206"
"L7867","SecurityTest.java","/home/ahmed/Desktop/FIT4003/extract/src/outputs/gson/gson/gson/src/test/java/com/google/gson/functional/SecurityTest.java","L7823","1","0","3","3","43","87"
"L7868","SerializedNameTest.java","/home/ahmed/Desktop/FIT4003/extract/src/outputs/gson/gson/gson/src/test/java/com/google/gson/functional/SerializedNameTest.java","L7823","1","0","0","4","28","55"
"L7869","StreamingTypeAdaptersTest.java","/home/ahmed/Desktop/FIT4003/extract/src/outputs/gson/gson/gson/src/test/java/com/google/gson/functional/StreamingTypeAdaptersTest.java","L7823","5","0","0","18","202","245"
"L7870","StringTest.java","/home/ahmed/Desktop/FIT4003/extract/src/outputs/gson/gson/gson/src/test/java/com/google/gson/functional/StringTest.java","L7823","1","0","3","16","105","141"
"L7871","ThrowableFunctionalTest.java","/home/ahmed/Desktop/FIT4003/extract/src/outputs/gson/gson/gson/src/test/java/com/google/gson/functional/ThrowableFunctionalTest.java","L7823","1","0","0","6","50","66"
"L7872","TreeTypeAdaptersTest.java","/home/ahmed/Desktop/FIT4003/extract/src/outputs/gson/gson/gson/src/test/java/com/google/gson/functional/TreeTypeAdaptersTest.java","L7823","2","0","1","2","135","179"
"L7873","TypeAdapterPrecedenceTest.java","/home/ahmed/Desktop/FIT4003/extract/src/outputs/gson/gson/gson/src/test/java/com/google/gson/functional/TypeAdapterPrecedenceTest.java","L7823","1","0","0","9","122","152"
"L7874","TypeHierarchyAdapterTest.java","/home/ahmed/Desktop/FIT4003/extract/src/outputs/gson/gson/gson/src/test/java/com/google/gson/functional/TypeHierarchyAdapterTest.java","L7823","7","0","2","2","174","222"
"L7875","TypeVariableTest.java","/home/ahmed/Desktop/FIT4003/extract/src/outputs/gson/gson/gson/src/test/java/com/google/gson/functional/TypeVariableTest.java","L7823","6","0","3","15","96","141"
"L7876","UncategorizedTest.java","/home/ahmed/Desktop/FIT4003/extract/src/outputs/gson/gson/gson/src/test/java/com/google/gson/functional/UncategorizedTest.java","L7823","5","0","3","4","89","135"
"L7877","VersioningTest.java","/home/ahmed/Desktop/FIT4003/extract/src/outputs/gson/gson/gson/src/test/java/com/google/gson/functional/VersioningTest.java","L7823","1","0","1","10","121","171"
"L13239","PerformanceTest.java","/home/ahmed/Desktop/FIT4003/extract/src/outputs/gson/gson/gson/src/test/java/com/google/gson/metrics/PerformanceTest.java","L13238","21","0","6","7","262","346"
"L14026","JsonAdapterNullSafeTest.java","/home/ahmed/Desktop/FIT4003/extract/src/outputs/gson/gson/gson/src/test/java/com/google/gson/regression/JsonAdapterNullSafeTest.java","L14025","3","0","0","3","36","62"
"L2124","JsonElementReaderTest.java","/home/ahmed/Desktop/FIT4003/extract/src/outputs/gson/gson/gson/src/test/java/com/google/gson/internal/bind/JsonElementReaderTest.java","L2123","21","0","0","18","276","313"
"L2125","JsonTreeReaderTest.java","/home/ahmed/Desktop/FIT4003/extract/src/outputs/gson/gson/gson/src/test/java/com/google/gson/internal/bind/JsonTreeReaderTest.java","L2123","1","0","0","3","32","51"
"L2126","JsonTreeWriterTest.java","/home/ahmed/Desktop/FIT4003/extract/src/outputs/gson/gson/gson/src/test/java/com/google/gson/internal/bind/JsonTreeWriterTest.java","L2123","9","0","0","13","146","176"
"L2127","RecursiveTypesResolveTest.java","/home/ahmed/Desktop/FIT4003/extract/src/outputs/gson/gson/gson/src/test/java/com/google/gson/internal/bind/RecursiveTypesResolveTest.java","L2123","1","0","4","6","61","117"
"L5021","UnsafeReflectionAccessorTest.java","/home/ahmed/Desktop/FIT4003/extract/src/outputs/gson/gson/gson/src/test/java/com/google/gson/internal/reflect/UnsafeReflectionAccessorTest.java","L5020","2","0","1","1","25","52"
"L191","CodeGen.java","/home/ahmed/Desktop/FIT4003/extract/src/outputs/gson/gson/codegen/src/main/java/com/google/gson/codegen/CodeGen.java","L190","2","0","1","2","29","54"
"L192","GeneratedTypeAdapter.java","/home/ahmed/Desktop/FIT4003/extract/src/outputs/gson/gson/codegen/src/main/java/com/google/gson/codegen/GeneratedTypeAdapter.java","L190","1","0","0","1","4","22"
"L193","GeneratedTypeAdapterProcessor.java","/home/ahmed/Desktop/FIT4003/extract/src/outputs/gson/gson/codegen/src/main/java/com/google/gson/codegen/GeneratedTypeAdapterProcessor.java","L190","3","0","0","2","39","62"
"L194","JavaWriter.java","/home/ahmed/Desktop/FIT4003/extract/src/outputs/gson/gson/codegen/src/main/java/com/google/gson/codegen/JavaWriter.java","L190","47","0","18","3","305","444"
"L546","CodeGenFunctionalTest.java","/home/ahmed/Desktop/FIT4003/extract/src/outputs/gson/gson/codegen/src/test/java/com/google/gson/codegen/functional/CodeGenFunctionalTest.java","L545","1","0","0","2","7","27"
"L547","Order.java","/home/ahmed/Desktop/FIT4003/extract/src/outputs/gson/gson/codegen/src/test/java/com/google/gson/codegen/functional/Order.java","L545","1","0","0","0","17","38"
"L574","GsonProguardExampleActivity.java","/home/ahmed/Desktop/FIT4003/extract/src/outputs/gson/gson/examples/android-proguard-example/src/com/google/gson/examples/android/GsonProguardExampleActivity.java","L573","1","0","1","1","35","61"
"L613","Cart.java","/home/ahmed/Desktop/FIT4003/extract/src/outputs/gson/gson/examples/android-proguard-example/src/com/google/gson/examples/android/model/Cart.java","L612","12","0","1","6","76","109"
"L614","LineItem.java","/home/ahmed/Desktop/FIT4003/extract/src/outputs/gson/gson/examples/android-proguard-example/src/com/google/gson/examples/android/model/LineItem.java","L612","1","0","1","6","30","58"
"L743","GraphAdapterBuilder.java","/home/ahmed/Desktop/FIT4003/extract/src/outputs/gson/gson/extras/src/main/java/com/google/gson/graph/GraphAdapterBuilder.java","L742","21","0","1","4","192","309"
"L1125","Intercept.java","/home/ahmed/Desktop/FIT4003/extract/src/outputs/gson/gson/extras/src/main/java/com/google/gson/interceptors/Intercept.java","L1124","1","0","2","0","11","65"
"L1126","InterceptorFactory.java","/home/ahmed/Desktop/FIT4003/extract/src/outputs/gson/gson/extras/src/main/java/com/google/gson/interceptors/InterceptorFactory.java","L1124","3","0","1","1","39","50"
"L1127","JsonPostDeserializer.java","/home/ahmed/Desktop/FIT4003/extract/src/outputs/gson/gson/extras/src/main/java/com/google/gson/interceptors/JsonPostDeserializer.java","L1124","1","0","2","0","5","34"
"L1353","PostConstructAdapterFactory.java","/home/ahmed/Desktop/FIT4003/extract/src/outputs/gson/gson/extras/src/main/java/com/google/gson/typeadapters/PostConstructAdapterFactory.java","L1352","9","0","1","1","51","77"
"L1354","RuntimeTypeAdapterFactory.java","/home/ahmed/Desktop/FIT4003/extract/src/outputs/gson/gson/extras/src/main/java/com/google/gson/typeadapters/RuntimeTypeAdapterFactory.java","L1352","16","0","6","1","115","266"
"L1355","UtcDateTypeAdapter.java","/home/ahmed/Desktop/FIT4003/extract/src/outputs/gson/gson/extras/src/main/java/com/google/gson/typeadapters/UtcDateTypeAdapter.java","L1352","37","0","0","3","186","283"
"L701","RawCollectionsExample.java","/home/ahmed/Desktop/FIT4003/extract/src/outputs/gson/gson/extras/src/main/java/com/google/gson/extras/examples/rawcollections/RawCollectionsExample.java","L700","1","0","0","2","36","56"
"L750","GraphAdapterBuilderTest.java","/home/ahmed/Desktop/FIT4003/extract/src/outputs/gson/gson/extras/src/test/java/com/google/gson/graph/GraphAdapterBuilderTest.java","L749","1","0","0","9","153","198"
"L1129","InterceptorTest.java","/home/ahmed/Desktop/FIT4003/extract/src/outputs/gson/gson/extras/src/test/java/com/google/gson/interceptors/InterceptorTest.java","L1128","10","0","1","13","133","172"
"L1357","PostConstructAdapterFactoryTest.java","/home/ahmed/Desktop/FIT4003/extract/src/outputs/gson/gson/extras/src/test/java/com/google/gson/typeadapters/PostConstructAdapterFactoryTest.java","L1356","14","0","0","3","79","113"
"L1358","RuntimeTypeAdapterFactoryTest.java","/home/ahmed/Desktop/FIT4003/extract/src/outputs/gson/gson/extras/src/test/java/com/google/gson/typeadapters/RuntimeTypeAdapterFactoryTest.java","L1356","11","0","0","14","174","212"
"L1359","UtcDateTypeAdapterTest.java","/home/ahmed/Desktop/FIT4003/extract/src/outputs/gson/gson/extras/src/test/java/com/google/gson/typeadapters/UtcDateTypeAdapterTest.java","L1356","3","0","1","6","58","90"
"L13248","BagOfPrimitives.java","/home/ahmed/Desktop/FIT4003/extract/src/outputs/gson/gson/metrics/src/main/java/com/google/gson/metrics/BagOfPrimitives.java","L13247","10","0","1","7","60","89"
"L13249","BagOfPrimitivesDeserializationBenchmark.java","/home/ahmed/Desktop/FIT4003/extract/src/outputs/gson/gson/metrics/src/main/java/com/google/gson/metrics/BagOfPrimitivesDeserializationBenchmark.java","L13247","16","0","4","1","81","124"
"L13250","CollectionsDeserializationBenchmark.java","/home/ahmed/Desktop/FIT4003/extract/src/outputs/gson/gson/metrics/src/main/java/com/google/gson/metrics/CollectionsDeserializationBenchmark.java","L13247","19","0","4","1","100","141"
"L13251","ParseBenchmark.java","/home/ahmed/Desktop/FIT4003/extract/src/outputs/gson/gson/metrics/src/main/java/com/google/gson/metrics/ParseBenchmark.java","L13247","25","0","1","2","331","390"
"L13252","SerializationBenchmark.java","/home/ahmed/Desktop/FIT4003/extract/src/outputs/gson/gson/metrics/src/main/java/com/google/gson/metrics/SerializationBenchmark.java","L13247","3","0","1","2","25","54"
"L14080","ProtoTypeAdapter.java","/home/ahmed/Desktop/FIT4003/extract/src/outputs/gson/gson/proto/src/main/java/com/google/gson/protobuf/ProtoTypeAdapter.java","L14079","31","0","7","4","253","418"
"L14236","ProtosWithAnnotationsTest.java","/home/ahmed/Desktop/FIT4003/extract/src/outputs/gson/gson/proto/src/test/java/com/google/gson/protobuf/functional/ProtosWithAnnotationsTest.java","L14235","2","0","1","5","185","228"
"L14237","ProtosWithComplexAndRepeatedFieldsTest.java","/home/ahmed/Desktop/FIT4003/extract/src/outputs/gson/gson/proto/src/test/java/com/google/gson/protobuf/functional/ProtosWithComplexAndRepeatedFieldsTest.java","L14235","1","0","1","4","73","102"
"L14238","ProtosWithPrimitiveTypesTest.java","/home/ahmed/Desktop/FIT4003/extract/src/outputs/gson/gson/proto/src/test/java/com/google/gson/protobuf/functional/ProtosWithPrimitiveTypesTest.java","L14235","1","0","0","6","51","77"
